1.0,1.0
2.0,1.0
3.0,1.0001
4.0,1.00173
5.0,1.00968
6.0,1.03069
7.0,1.07059
8.0,1.13288
9.0,1.21889
10.0,1.32837
11.0,1.46008
12.0,1.61227
13.0,1.78296
14.0,1.9702
15.0,2.17212
16.0,2.38702
17.0,2.61339
18.0,2.8499
19.0,3.0954
20.0,3.34892
21.0,3.6096
22.0,3.87674
23.0,4.14975
24.0,4.42811
25.0,4.71142
26.0,4.99932
27.0,5.29153
28.0,5.58781
29.0,5.88797
30.0,6.19184
31.0,6.49932
32.0,6.81028
33.0,7.12466
34.0,7.44239
35.0,7.76341
36.0,8.0877
37.0,8.41522
38.0,8.74595
39.0,9.07986
40.0,9.41696
41.0,9.75723
42.0,10.10067
43.0,10.44726
44.0,10.79701
45.0,11.14991
46.0,11.50596
47.0,11.86515
48.0,12.22749
49.0,12.59296
50.0,12.96157
51.0,13.33331
52.0,13.70817
53.0,14.08615
54.0,14.46724
55.0,14.85143
56.0,15.23872
57.0,15.62909
58.0,16.02254
59.0,16.41906
60.0,16.81863
61.0,17.22124
62.0,17.62689
63.0,18.03555
64.0,18.44722
65.0,18.86189
66.0,19.27954
67.0,19.70016
68.0,20.12373
69.0,20.55024
70.0,20.97967
71.0,21.41202
72.0,21.84727
73.0,22.2854
74.0,22.7264
75.0,23.17025
76.0,23.61694
77.0,24.06646
78.0,24.51879
79.0,24.97392
80.0,25.43182
81.0,25.8925
82.0,26.35593
83.0,26.8221
84.0,27.291
85.0,27.76261
86.0,28.23691
87.0,28.7139
88.0,29.19357
89.0,29.67589
90.0,30.16085
91.0,30.64845
92.0,31.13866
93.0,31.63148
94.0,32.1269
95.0,32.62489
96.0,33.12545
97.0,33.62857
98.0,34.13423
99.0,34.64242
100.0,35.15313
101.0,35.66635
102.0,36.18207
103.0,36.70027
104.0,37.22095
105.0,37.74409
106.0,38.26968
107.0,38.79771
108.0,39.32817
109.0,39.86105
110.0,40.39634
111.0,40.93403
112.0,41.47411
113.0,42.01656
114.0,42.56139
115.0,43.10857
116.0,43.6581
117.0,44.20997
118.0,44.76418
119.0,45.3207
120.0,45.87953
121.0,46.44067
122.0,47.0041
123.0,47.56981
124.0,48.1378
125.0,48.70806
126.0,49.28057
127.0,49.85533
128.0,50.43234
129.0,51.01158
130.0,51.59304
131.0,52.17672
132.0,52.7626
133.0,53.35069
134.0,53.94097
135.0,54.53344
136.0,55.12808
137.0,55.72489
138.0,56.32386
139.0,56.92499
140.0,57.52827
141.0,58.13368
142.0,58.74123
143.0,59.3509
144.0,59.9627
145.0,60.5766
146.0,61.19261
147.0,61.81071
148.0,62.43091
149.0,63.05319
150.0,63.67755
151.0,64.30398
152.0,64.93248
153.0,65.56303
154.0,66.19564
155.0,66.83029
156.0,67.46698
157.0,68.1057
158.0,68.74645
159.0,69.38922
160.0,70.03401
161.0,70.6808
162.0,71.3296
163.0,71.98039
164.0,72.63318
165.0,73.28795
166.0,73.9447
167.0,74.60343
168.0,75.26412
169.0,75.92678
170.0,76.5914
171.0,77.25797
172.0,77.92648
173.0,78.59694
174.0,79.26933
175.0,79.94366
176.0,80.61991
177.0,81.29808
178.0,81.97817
179.0,82.66017
180.0,83.34408
181.0,84.02988
182.0,84.71758
183.0,85.40718
184.0,86.09866
185.0,86.79202
186.0,87.48726
187.0,88.18437
188.0,88.88335
189.0,89.58419
190.0,90.28689
191.0,90.99145
192.0,91.69785
193.0,92.4061
194.0,93.11619
195.0,93.82812
196.0,94.54188
197.0,95.25746
198.0,95.97487
199.0,96.6941
200.0,97.41515
201.0,98.138
202.0,98.86266
203.0,99.58913
204.0,100.3174
205.0,101.04746
206.0,101.77931
207.0,102.51294
208.0,103.24837
209.0,103.98557
210.0,104.72454
211.0,105.46529
212.0,106.20781
213.0,106.95209
214.0,107.69813
215.0,108.44593
216.0,109.19549
217.0,109.94679
218.0,110.69984
219.0,111.45464
220.0,112.21117
221.0,112.96944
222.0,113.72944
223.0,114.49117
224.0,115.25463
225.0,116.01981
226.0,116.78671
227.0,117.55533
228.0,118.32566
229.0,119.0977
230.0,119.87145
231.0,120.6469
232.0,121.42406
233.0,122.20291
234.0,122.98345
235.0,123.76569
236.0,124.54961
237.0,125.33523
238.0,126.12252
239.0,126.9115
240.0,127.70215
241.0,128.49447
242.0,129.28847
243.0,130.08414
244.0,130.88147
245.0,131.68047
246.0,132.48113
247.0,133.28345
248.0,134.08742
249.0,134.89305
250.0,135.70032
251.0,136.50925
252.0,137.31982
253.0,138.13203
254.0,138.94589
255.0,139.76138
256.0,140.57851
257.0,141.39727
258.0,142.21767
259.0,143.03969
260.0,143.86334
261.0,144.68862
262.0,145.51551
263.0,146.34403
264.0,147.17417
265.0,148.00592
266.0,148.83928
267.0,149.67426
268.0,150.51085
269.0,151.34904
270.0,152.18884
271.0,153.03025
272.0,153.87325
273.0,154.71786
274.0,155.56406
275.0,156.41186
276.0,157.26125
277.0,158.11224
278.0,158.96482
279.0,159.81898
280.0,160.67474
281.0,161.53208
282.0,162.391
283.0,163.2515
284.0,164.11359
285.0,164.97725
286.0,165.84249
287.0,166.70931
288.0,167.5777
289.0,168.44766
290.0,169.31919
291.0,170.1923
292.0,171.06697
293.0,171.94321
294.0,172.82101
295.0,173.70038
296.0,174.5813
297.0,175.4638
298.0,176.34785
299.0,177.23345
300.0,178.12062
301.0,179.00934
302.0,179.89962
303.0,180.79145
304.0,181.68483
305.0,182.57977
306.0,183.47625
307.0,184.37428
308.0,185.27386
309.0,186.17499
310.0,187.07766
311.0,187.98188
312.0,188.88764
313.0,189.79495
314.0,190.70379
315.0,191.61418
316.0,192.5261
317.0,193.43957
318.0,194.35457
319.0,195.27111
320.0,196.18918
321.0,197.10879
322.0,198.02994
323.0,198.95262
324.0,199.87683
325.0,200.80257
326.0,201.72985
327.0,202.65866
328.0,203.58899
329.0,204.52086
330.0,205.45425
331.0,206.38917
332.0,207.32562
333.0,208.2636
334.0,209.2031
335.0,210.14413
336.0,211.08668
337.0,212.03076
338.0,212.97636
339.0,213.92348
340.0,214.87213
341.0,215.8223
342.0,216.77399
343.0,217.72721
344.0,218.68194
345.0,219.6382
346.0,220.59598
347.0,221.55527
348.0,222.51609
349.0,223.47842
350.0,224.44228
351.0,225.40765
352.0,226.37454
353.0,227.34295
354.0,228.31288
355.0,229.28432
356.0,230.25729
357.0,231.23177
358.0,232.20776
359.0,233.18528
360.0,234.16431
361.0,235.14486
362.0,236.12692
363.0,237.1105
364.0,238.09559
365.0,239.08221
366.0,240.07033
367.0,241.05998
368.0,242.05114
369.0,243.04381
370.0,244.03801
371.0,245.03371
372.0,246.03094
373.0,247.02968
374.0,248.02993
375.0,249.0317
376.0,250.03499
377.0,251.03979
378.0,252.04611
379.0,253.05395
380.0,254.0633
381.0,255.07417
382.0,256.08656
383.0,257.10046
384.0,258.11588
385.0,259.13282
386.0,260.15127
387.0,261.17124
388.0,262.19273
389.0,263.21574
390.0,264.24027
391.0,265.26631
392.0,266.29388
393.0,267.32296
394.0,268.35356
395.0,269.38569
396.0,270.41933
397.0,271.45449
398.0,272.49117
399.0,273.52938
400.0,274.5691
401.0,275.61035
402.0,276.65312
403.0,277.69741
404.0,278.74323
405.0,279.79056
406.0,280.83943
407.0,281.88981
408.0,282.94172
409.0,283.99516
410.0,285.05012
411.0,286.10661
412.0,287.16462
413.0,288.22416
414.0,289.28523
415.0,290.34783
416.0,291.41195
417.0,292.47761
418.0,293.54479
419.0,294.6135
420.0,295.68375
421.0,296.75552
422.0,297.82883
423.0,298.90367
424.0,299.98005
425.0,301.05795
426.0,302.13739
427.0,303.21837
428.0,304.30088
429.0,305.38493
430.0,306.47052
431.0,307.55764
432.0,308.6463
433.0,309.7365
434.0,310.82824
435.0,311.92152
436.0,313.01634
437.0,314.1127
438.0,315.21061
439.0,316.31005
440.0,317.41105
441.0,318.51358
442.0,319.61766
443.0,320.72329
444.0,321.83047
445.0,322.93919
446.0,324.04946
447.0,325.16128
448.0,326.27465
449.0,327.38957
450.0,328.50604
451.0,329.62407
452.0,330.74365
453.0,331.86478
454.0,332.98747
455.0,334.11171
456.0,335.23751
457.0,336.36487
458.0,337.49379
459.0,338.62426
460.0,339.7563
461.0,340.88989
462.0,342.02505
463.0,343.16178
464.0,344.30006
465.0,345.43991
466.0,346.58133
467.0,347.72431
468.0,348.86886
469.0,350.01498
470.0,351.16267
471.0,352.31193
472.0,353.46276
473.0,354.61516
474.0,355.76914
475.0,356.92469
476.0,358.08182
477.0,359.24052
478.0,360.4008
479.0,361.56266
480.0,362.72609
481.0,363.89111
482.0,365.05771
483.0,366.22589
484.0,367.39566
485.0,368.56701
486.0,369.73994
487.0,370.91446
488.0,372.09057
489.0,373.26827
490.0,374.44756
491.0,375.62844
492.0,376.81091
493.0,377.99497
494.0,379.18063
495.0,380.36788
496.0,381.55673
497.0,382.74718
498.0,383.93922
499.0,385.13287
500.0,386.32812
501.0,387.52496
502.0,388.72342
503.0,389.92347
504.0,391.12513
505.0,392.3284
506.0,393.53328
507.0,394.73976
508.0,395.94786
509.0,397.15756
510.0,398.36888
511.0,399.58181
512.0,400.79636
513.0,402.01252
514.0,403.2303
515.0,404.4497
516.0,405.67072
517.0,406.89335
518.0,408.11761
519.0,409.3435
520.0,410.57101
521.0,411.80014
522.0,413.0309
523.0,414.26329
524.0,415.49731
525.0,416.73296
526.0,417.97024
527.0,419.20915
528.0,420.4497
529.0,421.69189
530.0,422.93571
531.0,424.18117
532.0,425.42827
533.0,426.67701
534.0,427.92739
535.0,429.17941
536.0,430.43308
537.0,431.6884
538.0,432.94536
539.0,434.20397
540.0,435.46424
541.0,436.72615
542.0,437.98971
543.0,439.25493
544.0,440.52181
545.0,441.79034
546.0,443.06053
547.0,444.33238
548.0,445.60589
549.0,446.88106
550.0,448.15789
551.0,449.43639
552.0,450.71656
553.0,451.99839
554.0,453.28189
555.0,454.56706
556.0,455.8539
557.0,457.14242
558.0,458.43261
559.0,459.72448
560.0,461.01802
561.0,462.31324
562.0,463.61014
563.0,464.90872
564.0,466.20899
565.0,467.51094
566.0,468.81457
567.0,470.1199
568.0,471.42691
569.0,472.73561
570.0,474.046
571.0,475.35808
572.0,476.67186
573.0,477.98733
574.0,479.3045
575.0,480.62337
576.0,481.94394
577.0,483.26621
578.0,484.59019
579.0,485.91586
580.0,487.24325
581.0,488.57234
582.0,489.90314
583.0,491.23565
584.0,492.56987
585.0,493.9058
586.0,495.24345
587.0,496.58282
588.0,497.9239
589.0,499.2667
590.0,500.61122
591.0,501.95747
592.0,503.30544
593.0,504.65513
594.0,506.00655
595.0,507.3597
596.0,508.71458
597.0,510.07119
598.0,511.42953
599.0,512.78961
600.0,514.15143
601.0,515.51498
602.0,516.88027
603.0,518.2473
604.0,519.61607
605.0,520.98659
606.0,522.35885
607.0,523.73286
608.0,525.10861
609.0,526.48612
610.0,527.86538
611.0,529.24639
612.0,530.62916
613.0,532.01368
614.0,533.39996
615.0,534.788
616.0,536.1778
617.0,537.56936
618.0,538.96269
619.0,540.35779
620.0,541.75465
621.0,543.15328
622.0,544.55368
623.0,545.95585
624.0,547.3598
625.0,548.76552
626.0,550.17302
627.0,551.5823
628.0,552.99336
629.0,554.4062
630.0,555.82083
631.0,557.23724
632.0,558.65544
633.0,560.07542
634.0,561.4972
635.0,562.92077
636.0,564.34613
637.0,565.77329
638.0,567.20224
639.0,568.633
640.0,570.06555
641.0,571.49991
642.0,572.93607
643.0,574.37403
644.0,575.8138
645.0,577.25539
646.0,578.69878
647.0,580.14398
648.0,581.591
649.0,583.03983
650.0,584.49048
651.0,585.94295
652.0,587.39724
653.0,588.85335
654.0,590.31129
655.0,591.77105
656.0,593.23264
657.0,594.69606
658.0,596.16131
659.0,597.6284
660.0,599.09731
661.0,600.56807
662.0,602.04066
663.0,603.51509
664.0,604.99137
665.0,606.46948
666.0,607.94944
667.0,609.43125
668.0,610.91491
669.0,612.40042
670.0,613.88778
671.0,615.37699
672.0,616.86806
673.0,618.36098
674.0,619.85577
675.0,621.35242
676.0,622.85092
677.0,624.3513
678.0,625.85354
679.0,627.35765
680.0,628.86362
681.0,630.37147
682.0,631.8812
683.0,633.3928
684.0,634.90627
685.0,636.42163
686.0,637.93886
687.0,639.45798
688.0,640.97899
689.0,642.50187
690.0,644.02665
691.0,645.55332
692.0,647.08188
693.0,648.61233
694.0,650.14468
695.0,651.67892
696.0,653.21507
697.0,654.75312
698.0,656.29306
699.0,657.83492
700.0,659.37868
701.0,660.92435
702.0,662.47193
703.0,664.02142
704.0,665.57282
705.0,667.12614
706.0,668.68138
707.0,670.23854
708.0,671.79762
709.0,673.35862
710.0,674.92155
711.0,676.48641
712.0,678.0532
713.0,679.62191
714.0,681.19256
715.0,682.76515
716.0,684.33967
717.0,685.91613
718.0,687.49453
719.0,689.07488
720.0,690.65716
721.0,692.2414
722.0,693.82758
723.0,695.41571
724.0,697.0058
725.0,698.59784
726.0,700.19184
727.0,701.78779
728.0,703.3857
729.0,704.98558
730.0,706.58742
731.0,708.19122
732.0,709.797
733.0,711.40474
734.0,713.01446
735.0,714.62614
736.0,716.23981
737.0,717.85545
738.0,719.47307
739.0,721.09268
740.0,722.71426
741.0,724.33783
742.0,725.96339
743.0,727.59094
744.0,729.22049
745.0,730.85202
746.0,732.48555
747.0,734.12108
748.0,735.75861
749.0,737.39813
750.0,739.03967
751.0,740.68321
752.0,742.32875
753.0,743.97631
754.0,745.62587
755.0,747.27745
756.0,748.93105
757.0,750.58667
758.0,752.2443
759.0,753.90396
760.0,755.56564
761.0,757.22934
762.0,758.89508
763.0,760.56284
764.0,762.23264
765.0,763.90447
766.0,765.57833
767.0,767.25424
768.0,768.93218
769.0,770.61217
770.0,772.2942
771.0,773.97828
772.0,775.66441
773.0,777.35258
774.0,779.04281
775.0,780.7351
776.0,782.42944
777.0,784.12584
778.0,785.82431
779.0,787.52483
780.0,789.22742
781.0,790.93208
782.0,792.63881
783.0,794.34761
784.0,796.05848
785.0,797.77143
786.0,799.48646
787.0,801.20357
788.0,802.92276
789.0,804.64403
790.0,806.36739
791.0,808.09284
792.0,809.82038
793.0,811.55002
794.0,813.28175
795.0,815.01557
796.0,816.7515
797.0,818.48952
798.0,820.22965
799.0,821.97189
800.0,823.71623
801.0,825.46269
802.0,827.21125
803.0,828.96194
804.0,830.71473
805.0,832.46965
806.0,834.22669
807.0,835.98585
808.0,837.74713
809.0,839.51055
810.0,841.27609
811.0,843.04377
812.0,844.81358
813.0,846.58552
814.0,848.35961
815.0,850.13583
816.0,851.9142
817.0,853.69471
818.0,855.47737
819.0,857.26218
820.0,859.04914
821.0,860.83826
822.0,862.62953
823.0,864.42296
824.0,866.21855
825.0,868.01631
826.0,869.81623
827.0,871.61831
828.0,873.42257
829.0,875.229
830.0,877.0376
831.0,878.84838
832.0,880.66133
833.0,882.47647
834.0,884.29379
835.0,886.1133
836.0,887.93499
837.0,889.75887
838.0,891.58495
839.0,893.41322
840.0,895.24369
841.0,897.07635
842.0,898.91122
843.0,900.74829
844.0,902.58757
845.0,904.42905
846.0,906.27275
847.0,908.11865
848.0,909.96678
849.0,911.81712
850.0,913.66967
851.0,915.52446
852.0,917.38146
853.0,919.24069
854.0,921.10215
855.0,922.96584
856.0,924.83177
857.0,926.69993
858.0,928.57033
859.0,930.44297
860.0,932.31785
861.0,934.19498
862.0,936.07435
863.0,937.95598
864.0,939.83985
865.0,941.72598
866.0,943.61437
867.0,945.50502
868.0,947.39792
869.0,949.2931
870.0,951.19053
871.0,953.09024
872.0,954.99222
873.0,956.89647
874.0,958.80299
875.0,960.7118
876.0,962.62288
877.0,964.53625
878.0,966.4519
879.0,968.36984
880.0,970.29007
881.0,972.21259
882.0,974.13741
883.0,976.06452
884.0,977.99393
885.0,979.92565
886.0,981.85966
887.0,983.79599
888.0,985.73462
889.0,987.67557
890.0,989.61883
891.0,991.5644
892.0,993.5123
893.0,995.46251
894.0,997.41505
895.0,999.36992
896.0,1001.32711
897.0,1003.28663
898.0,1005.24849
899.0,1007.21268
900.0,1009.17921
901.0,1011.14808
902.0,1013.1193
903.0,1015.09286
904.0,1017.06876
905.0,1019.04702
906.0,1021.02763
907.0,1023.0106
908.0,1024.99592
909.0,1026.9836
910.0,1028.97365
911.0,1030.96606
912.0,1032.96084
913.0,1034.95798
914.0,1036.9575
915.0,1038.9594
916.0,1040.96367
917.0,1042.97033
918.0,1044.97936
919.0,1046.99078
920.0,1049.00459
921.0,1051.02078
922.0,1053.03937
923.0,1055.06036
924.0,1057.08374
925.0,1059.10952
926.0,1061.1377
927.0,1063.16829
928.0,1065.20129
929.0,1067.23669
930.0,1069.27451
931.0,1071.31474
932.0,1073.35739
933.0,1075.40246
934.0,1077.44996
935.0,1079.49987
936.0,1081.55222
937.0,1083.60699
938.0,1085.6642
939.0,1087.72384
940.0,1089.78592
941.0,1091.85044
942.0,1093.91741
943.0,1095.98682
944.0,1098.05867
945.0,1100.13298
946.0,1102.20974
947.0,1104.28895
948.0,1106.37063
949.0,1108.45476
950.0,1110.54136
951.0,1112.63042
952.0,1114.72195
953.0,1116.81596
954.0,1118.91243
955.0,1121.01138
956.0,1123.11281
957.0,1125.21673
958.0,1127.32312
959.0,1129.432
960.0,1131.54337
961.0,1133.65724
962.0,1135.77359
963.0,1137.89245
964.0,1140.0138
965.0,1142.13765
966.0,1144.26401
967.0,1146.39288
968.0,1148.52426
969.0,1150.65814
970.0,1152.79455
971.0,1154.93347
972.0,1157.07491
973.0,1159.21888
974.0,1161.36537
975.0,1163.51439
976.0,1165.66594
977.0,1167.82002
978.0,1169.97664
979.0,1172.1358
980.0,1174.29749
981.0,1176.46174
982.0,1178.62853
983.0,1180.79787
984.0,1182.96976
985.0,1185.1442
986.0,1187.32121
987.0,1189.50077
988.0,1191.68289
989.0,1193.86758
990.0,1196.05484
991.0,1198.24467
992.0,1200.43707
993.0,1202.63205
994.0,1204.82961
995.0,1207.02975
996.0,1209.23247
997.0,1211.43778
998.0,1213.64568
999.0,1215.85617
1000.0,1218.06925
1001.0,1220.28494
1002.0,1222.50322
1003.0,1224.7241
1004.0,1226.94759
1005.0,1229.17369
1006.0,1231.4024
1007.0,1233.63373
1008.0,1235.86767
1009.0,1238.10423
1010.0,1240.34341
1011.0,1242.58521
1012.0,1244.82965
1013.0,1247.07671
1014.0,1249.3264
1015.0,1251.57873
1016.0,1253.8337
1017.0,1256.09131
1018.0,1258.35157
1019.0,1260.61447
1020.0,1262.88001
1021.0,1265.14821
1022.0,1267.41907
1023.0,1269.69258
1024.0,1271.96875
1025.0,1274.24759
1026.0,1276.52909
1027.0,1278.81326
1028.0,1281.1001
1029.0,1283.38961
1030.0,1285.6818
1031.0,1287.97667
1032.0,1290.27423
1033.0,1292.57446
1034.0,1294.87739
1035.0,1297.183
1036.0,1299.49131
1037.0,1301.80232
1038.0,1304.11602
1039.0,1306.43242
1040.0,1308.75153
1041.0,1311.07335
1042.0,1313.39788
1043.0,1315.72512
1044.0,1318.05507
1045.0,1320.38774
1046.0,1322.72314
1047.0,1325.06126
1048.0,1327.4021
1049.0,1329.74568
1050.0,1332.09198
1051.0,1334.44102
1052.0,1336.7928
1053.0,1339.14733
1054.0,1341.50459
1055.0,1343.8646
1056.0,1346.22736
1057.0,1348.59287
1058.0,1350.96114
1059.0,1353.33217
1060.0,1355.70595
1061.0,1358.0825
1062.0,1360.46182
1063.0,1362.8439
1064.0,1365.22876
1065.0,1367.61639
1066.0,1370.0068
1067.0,1372.39999
1068.0,1374.79597
1069.0,1377.19473
1070.0,1379.59628
1071.0,1382.00062
1072.0,1384.40775
1073.0,1386.81769
1074.0,1389.23042
1075.0,1391.64596
1076.0,1394.0643
1077.0,1396.48546
1078.0,1398.90942
1079.0,1401.3362
1080.0,1403.7658
1081.0,1406.19822
1082.0,1408.63346
1083.0,1411.07153
1084.0,1413.51243
1085.0,1415.95616
1086.0,1418.40272
1087.0,1420.85213
1088.0,1423.30437
1089.0,1425.75946
1090.0,1428.2174
1091.0,1430.67818
1092.0,1433.14182
1093.0,1435.60831
1094.0,1438.07767
1095.0,1440.54988
1096.0,1443.02496
1097.0,1445.5029
1098.0,1447.98372
1099.0,1450.4674
1100.0,1452.95397
1101.0,1455.44341
1102.0,1457.93573
1103.0,1460.43094
1104.0,1462.92904
1105.0,1465.43003
1106.0,1467.93391
1107.0,1470.44069
1108.0,1472.95036
1109.0,1475.46294
1110.0,1477.97843
1111.0,1480.49682
1112.0,1483.01813
1113.0,1485.54235
1114.0,1488.06948
1115.0,1490.59954
1116.0,1493.13252
1117.0,1495.66842
1118.0,1498.20726
1119.0,1500.74903
1120.0,1503.29373
1121.0,1505.84137
1122.0,1508.39195
1123.0,1510.94547
1124.0,1513.50194
1125.0,1516.06137
1126.0,1518.62374
1127.0,1521.18907
1128.0,1523.75736
1129.0,1526.32861
1130.0,1528.90283
1131.0,1531.48001
1132.0,1534.06017
1133.0,1536.64329
1134.0,1539.2294
1135.0,1541.81848
1136.0,1544.41055
1137.0,1547.00561
1138.0,1549.60365
1139.0,1552.20469
1140.0,1554.80872
1141.0,1557.41574
1142.0,1560.02577
1143.0,1562.63881
1144.0,1565.25485
1145.0,1567.8739
1146.0,1570.49596
1147.0,1573.12104
1148.0,1575.74914
1149.0,1578.38026
1150.0,1581.01441
1151.0,1583.65158
1152.0,1586.29179
1153.0,1588.93503
1154.0,1591.5813
1155.0,1594.23062
1156.0,1596.88299
1157.0,1599.53839
1158.0,1602.19685
1159.0,1604.85836
1160.0,1607.52293
1161.0,1610.19056
1162.0,1612.86124
1163.0,1615.535
1164.0,1618.21182
1165.0,1620.89171
1166.0,1623.57468
1167.0,1626.26072
1168.0,1628.94984
1169.0,1631.64205
1170.0,1634.33734
1171.0,1637.03573
1172.0,1639.7372
1173.0,1642.44178
1174.0,1645.14945
1175.0,1647.86022
1176.0,1650.5741
1177.0,1653.29109
1178.0,1656.01118
1179.0,1658.7344
1180.0,1661.46073
1181.0,1664.19018
1182.0,1666.92275
1183.0,1669.65845
1184.0,1672.39728
1185.0,1675.13925
1186.0,1677.88435
1187.0,1680.63259
1188.0,1683.38397
1189.0,1686.1385
1190.0,1688.89618
1191.0,1691.657
1192.0,1694.42099
1193.0,1697.18813
1194.0,1699.95843
1195.0,1702.7319
1196.0,1705.50854
1197.0,1708.28834
1198.0,1711.07132
1199.0,1713.85748
1200.0,1716.64682
1201.0,1719.43934
1202.0,1722.23504
1203.0,1725.03394
1204.0,1727.83603
1205.0,1730.64131
1206.0,1733.4498
1207.0,1736.26148
1208.0,1739.07638
1209.0,1741.89448
1210.0,1744.71579
1211.0,1747.54032
1212.0,1750.36806
1213.0,1753.19903
1214.0,1756.03322
1215.0,1758.87064
1216.0,1761.71129
1217.0,1764.55517
1218.0,1767.4023
1219.0,1770.25266
1220.0,1773.10626
1221.0,1775.96312
1222.0,1778.82322
1223.0,1781.68657
1224.0,1784.55319
1225.0,1787.42306
1226.0,1790.29619
1227.0,1793.17259
1228.0,1796.05226
1229.0,1798.93521
1230.0,1801.82142
1231.0,1804.71092
1232.0,1807.6037
1233.0,1810.49977
1234.0,1813.39912
1235.0,1816.30177
1236.0,1819.20771
1237.0,1822.11694
1238.0,1825.02948
1239.0,1827.94533
1240.0,1830.86448
1241.0,1833.78695
1242.0,1836.71273
1243.0,1839.64182
1244.0,1842.57424
1245.0,1845.50998
1246.0,1848.44905
1247.0,1851.39145
1248.0,1854.33719
1249.0,1857.28626
1250.0,1860.23867
1251.0,1863.19442
1252.0,1866.15353
1253.0,1869.11598
1254.0,1872.08179
1255.0,1875.05095
1256.0,1878.02347
1257.0,1880.99936
1258.0,1883.97861
1259.0,1886.96124
1260.0,1889.94724
1261.0,1892.93661
1262.0,1895.92936
1263.0,1898.9255
1264.0,1901.92502
1265.0,1904.92793
1266.0,1907.93424
1267.0,1910.94394
1268.0,1913.95704
1269.0,1916.97355
1270.0,1919.99346
1271.0,1923.01678
1272.0,1926.04351
1273.0,1929.07366
1274.0,1932.10723
1275.0,1935.14422
1276.0,1938.18463
1277.0,1941.22848
1278.0,1944.27576
1279.0,1947.32648
1280.0,1950.38063
1281.0,1953.43823
1282.0,1956.49927
1283.0,1959.56376
1284.0,1962.63171
1285.0,1965.70311
1286.0,1968.77797
1287.0,1971.85629
1288.0,1974.93808
1289.0,1978.02334
1290.0,1981.11207
1291.0,1984.20428
1292.0,1987.29996
1293.0,1990.39913
1294.0,1993.50179
1295.0,1996.60793
1296.0,1999.71757
1297.0,2002.83071
1298.0,2005.94734
1299.0,2009.06748
1300.0,2012.19112
1301.0,2015.31827
1302.0,2018.44894
1303.0,2021.58312
1304.0,2024.72082
1305.0,2027.86205
1306.0,2031.0068
1307.0,2034.15508
1308.0,2037.30689
1309.0,2040.46224
1310.0,2043.62114
1311.0,2046.78357
1312.0,2049.94955
1313.0,2053.11908
1314.0,2056.29217
1315.0,2059.46881
1316.0,2062.64901
1317.0,2065.83278
1318.0,2069.02012
1319.0,2072.21102
1320.0,2075.4055
1321.0,2078.60356
1322.0,2081.80519
1323.0,2085.01042
1324.0,2088.21923
1325.0,2091.43163
1326.0,2094.64762
1327.0,2097.86721
1328.0,2101.09041
1329.0,2104.31721
1330.0,2107.54762
1331.0,2110.78164
1332.0,2114.01927
1333.0,2117.26053
1334.0,2120.5054
1335.0,2123.7539
1336.0,2127.00603
1337.0,2130.2618
1338.0,2133.52119
1339.0,2136.78423
1340.0,2140.05091
1341.0,2143.32124
1342.0,2146.59522
1343.0,2149.87284
1344.0,2153.15413
1345.0,2156.43908
1346.0,2159.72769
1347.0,2163.01996
1348.0,2166.31591
1349.0,2169.61553
1350.0,2172.91883
1351.0,2176.22581
1352.0,2179.53647
1353.0,2182.85082
1354.0,2186.16887
1355.0,2189.4906
1356.0,2192.81604
1357.0,2196.14518
1358.0,2199.47802
1359.0,2202.81457
1360.0,2206.15484
1361.0,2209.49882
1362.0,2212.84652
1363.0,2216.19794
1364.0,2219.55309
1365.0,2222.91196
1366.0,2226.27458
1367.0,2229.64092
1368.0,2233.01101
1369.0,2236.38484
1370.0,2239.76242
1371.0,2243.14375
1372.0,2246.52884
1373.0,2249.91768
1374.0,2253.31029
1375.0,2256.70666
1376.0,2260.10679
1377.0,2263.5107
1378.0,2266.91839
1379.0,2270.32985
1380.0,2273.7451
1381.0,2277.16413
1382.0,2280.58696
1383.0,2284.01357
1384.0,2287.44399
1385.0,2290.8782
1386.0,2294.31622
1387.0,2297.75804
1388.0,2301.20368
1389.0,2304.65313
1390.0,2308.1064
1391.0,2311.56349
1392.0,2315.0244
1393.0,2318.48915
1394.0,2321.95772
1395.0,2325.43014
1396.0,2328.90639
1397.0,2332.38649
1398.0,2335.87043
1399.0,2339.35822
1400.0,2342.84987
1401.0,2346.34537
1402.0,2349.84474
1403.0,2353.34797
1404.0,2356.85506
1405.0,2360.36603
1406.0,2363.88088
1407.0,2367.3996
1408.0,2370.92221
1409.0,2374.4487
1410.0,2377.97909
1411.0,2381.51336
1412.0,2385.05154
1413.0,2388.59361
1414.0,2392.13959
1415.0,2395.68947
1416.0,2399.24327
1417.0,2402.80098
1418.0,2406.36261
1419.0,2409.92817
1420.0,2413.49765
1421.0,2417.07106
1422.0,2420.6484
1423.0,2424.22968
1424.0,2427.8149
1425.0,2431.40406
1426.0,2434.99717
1427.0,2438.59424
1428.0,2442.19526
1429.0,2445.80023
1430.0,2449.40917
1431.0,2453.02208
1432.0,2456.63895
1433.0,2460.2598
1434.0,2463.88462
1435.0,2467.51343
1436.0,2471.14622
1437.0,2474.783
1438.0,2478.42377
1439.0,2482.06853
1440.0,2485.71729
1441.0,2489.37006
1442.0,2493.02683
1443.0,2496.68761
1444.0,2500.35241
1445.0,2504.02122
1446.0,2507.69406
1447.0,2511.37092
1448.0,2515.0518
1449.0,2518.73672
1450.0,2522.42568
1451.0,2526.11867
1452.0,2529.81571
1453.0,2533.51679
1454.0,2537.22193
1455.0,2540.93112
1456.0,2544.64436
1457.0,2548.36167
1458.0,2552.08304
1459.0,2555.80849
1460.0,2559.538
1461.0,2563.27159
1462.0,2567.00927
1463.0,2570.75102
1464.0,2574.49686
1465.0,2578.2468
1466.0,2582.00083
1467.0,2585.75896
1468.0,2589.52119
1469.0,2593.28752
1470.0,2597.05797
1471.0,2600.83253
1472.0,2604.61121
1473.0,2608.39401
1474.0,2612.18093
1475.0,2615.97199
1476.0,2619.76717
1477.0,2623.56649
1478.0,2627.36995
1479.0,2631.17756
1480.0,2634.98931
1481.0,2638.80521
1482.0,2642.62527
1483.0,2646.44949
1484.0,2650.27787
1485.0,2654.11041
1486.0,2657.94713
1487.0,2661.78802
1488.0,2665.63309
1489.0,2669.48233
1490.0,2673.33577
1491.0,2677.19339
1492.0,2681.0552
1493.0,2684.92122
1494.0,2688.79143
1495.0,2692.66584
1496.0,2696.54446
1497.0,2700.4273
1498.0,2704.31435
1499.0,2708.20562
1500.0,2712.10111
1501.0,2716.00083
1502.0,2719.90478
1503.0,2723.81296
1504.0,2727.72538
1505.0,2731.64205
1506.0,2735.56295
1507.0,2739.48811
1508.0,2743.41753
1509.0,2747.3512
1510.0,2751.28913
1511.0,2755.23132
1512.0,2759.17778
1513.0,2763.12852
1514.0,2767.08353
1515.0,2771.04283
1516.0,2775.0064
1517.0,2778.97427
1518.0,2782.94643
1519.0,2786.92288
1520.0,2790.90363
1521.0,2794.88868
1522.0,2798.87804
1523.0,2802.87172
1524.0,2806.8697
1525.0,2810.87201
1526.0,2814.87864
1527.0,2818.88959
1528.0,2822.90488
1529.0,2826.9245
1530.0,2830.94845
1531.0,2834.97675
1532.0,2839.00939
1533.0,2843.04639
1534.0,2847.08773
1535.0,2851.13344
1536.0,2855.1835
1537.0,2859.23793
1538.0,2863.29673
1539.0,2867.3599
1540.0,2871.42745
1541.0,2875.49938
1542.0,2879.57569
1543.0,2883.65639
1544.0,2887.74149
1545.0,2891.83098
1546.0,2895.92487
1547.0,2900.02316
1548.0,2904.12586
1549.0,2908.23297
1550.0,2912.3445
1551.0,2916.46045
1552.0,2920.58082
1553.0,2924.70562
1554.0,2928.83485
1555.0,2932.96852
1556.0,2937.10662
1557.0,2941.24917
1558.0,2945.39616
1559.0,2949.54761
1560.0,2953.70351
1561.0,2957.86386
1562.0,2962.02869
1563.0,2966.19797
1564.0,2970.37173
1565.0,2974.54996
1566.0,2978.73268
1567.0,2982.91987
1568.0,2987.11155
1569.0,2991.30772
1570.0,2995.50838
1571.0,2999.71355
1572.0,3003.92321
1573.0,3008.13738
1574.0,3012.35606
1575.0,3016.57926
1576.0,3020.80697
1577.0,3025.0392
1578.0,3029.27596
1579.0,3033.51725
1580.0,3037.76308
1581.0,3042.01344
1582.0,3046.26834
1583.0,3050.52779
1584.0,3054.79179
1585.0,3059.06034
1586.0,3063.33346
1587.0,3067.61113
1588.0,3071.89337
1589.0,3076.18017
1590.0,3080.47155
1591.0,3084.76751
1592.0,3089.06805
1593.0,3093.37318
1594.0,3097.6829
1595.0,3101.99721
1596.0,3106.31611
1597.0,3110.63962
1598.0,3114.96774
1599.0,3119.30046
1600.0,3123.6378
1601.0,3127.97976
1602.0,3132.32634
1603.0,3136.67754
1604.0,3141.03337
1605.0,3145.39384
1606.0,3149.75895
1607.0,3154.12869
1608.0,3158.50309
1609.0,3162.88213
1610.0,3167.26583
1611.0,3171.65418
1612.0,3176.0472
1613.0,3180.44489
1614.0,3184.84724
1615.0,3189.25427
1616.0,3193.66598
1617.0,3198.08236
1618.0,3202.50344
1619.0,3206.92921
1620.0,3211.35967
1621.0,3215.79483
1622.0,3220.23469
1623.0,3224.67926
1624.0,3229.12854
1625.0,3233.58253
1626.0,3238.04125
1627.0,3242.50468
1628.0,3246.97285
1629.0,3251.44574
1630.0,3255.92337
1631.0,3260.40574
1632.0,3264.89286
1633.0,3269.38472
1634.0,3273.88133
1635.0,3278.3827
1636.0,3282.88883
1637.0,3287.39972
1638.0,3291.91538
1639.0,3296.43581
1640.0,3300.96102
1641.0,3305.49101
1642.0,3310.02579
1643.0,3314.56535
1644.0,3319.1097
1645.0,3323.65886
1646.0,3328.21281
1647.0,3332.77157
1648.0,3337.33514
1649.0,3341.90352
1650.0,3346.47672
1651.0,3351.05474
1652.0,3355.63758
1653.0,3360.22526
1654.0,3364.81777
1655.0,3369.41512
1656.0,3374.01731
1657.0,3378.62434
1658.0,3383.23623
1659.0,3387.85297
1660.0,3392.47457
1661.0,3397.10104
1662.0,3401.73237
1663.0,3406.36857
1664.0,3411.00965
1665.0,3415.65561
1666.0,3420.30645
1667.0,3424.96218
1668.0,3429.62281
1669.0,3434.28832
1670.0,3438.95874
1671.0,3443.63407
1672.0,3448.3143
1673.0,3452.99945
1674.0,3457.68951
1675.0,3462.3845
1676.0,3467.08441
1677.0,3471.78925
1678.0,3476.49902
1679.0,3481.21373
1680.0,3485.93339
1681.0,3490.65799
1682.0,3495.38754
1683.0,3500.12205
1684.0,3504.86152
1685.0,3509.60595
1686.0,3514.35535
1687.0,3519.10972
1688.0,3523.86907
1689.0,3528.63339
1690.0,3533.4027
1691.0,3538.177
1692.0,3542.9563
1693.0,3547.74059
1694.0,3552.52988
1695.0,3557.32418
1696.0,3562.12349
1697.0,3566.92781
1698.0,3571.73715
1699.0,3576.55151
1700.0,3581.3709
1701.0,3586.19532
1702.0,3591.02478
1703.0,3595.85927
1704.0,3600.69881
1705.0,3605.5434
1706.0,3610.39304
1707.0,3615.24774
1708.0,3620.1075
1709.0,3624.97232
1710.0,3629.84221
1711.0,3634.71718
1712.0,3639.59722
1713.0,3644.48235
1714.0,3649.37256
1715.0,3654.26787
1716.0,3659.16827
1717.0,3664.07377
1718.0,3668.98437
1719.0,3673.90008
1720.0,3678.8209
1721.0,3683.74684
1722.0,3688.6779
1723.0,3693.61408
1724.0,3698.5554
1725.0,3703.50185
1726.0,3708.45343
1727.0,3713.41016
1728.0,3718.37204
1729.0,3723.33906
1730.0,3728.31125
1731.0,3733.28859
1732.0,3738.27109
1733.0,3743.25877
1734.0,3748.25161
1735.0,3753.24964
1736.0,3758.25284
1737.0,3763.26123
1738.0,3768.27481
1739.0,3773.29358
1740.0,3778.31756
1741.0,3783.34673
1742.0,3788.38111
1743.0,3793.42071
1744.0,3798.46552
1745.0,3803.51555
1746.0,3808.5708
1747.0,3813.63129
1748.0,3818.697
1749.0,3823.76796
1750.0,3828.84416
1751.0,3833.9256
1752.0,3839.01229
1753.0,3844.10424
1754.0,3849.20145
1755.0,3854.30392
1756.0,3859.41167
1757.0,3864.52468
1758.0,3869.64297
1759.0,3874.76654
1760.0,3879.8954
1761.0,3885.02955
1762.0,3890.16899
1763.0,3895.31373
1764.0,3900.46378
1765.0,3905.61913
1766.0,3910.77979
1767.0,3915.94577
1768.0,3921.11708
1769.0,3926.2937
1770.0,3931.47566
1771.0,3936.66295
1772.0,3941.85558
1773.0,3947.05355
1774.0,3952.25687
1775.0,3957.46555
1776.0,3962.67958
1777.0,3967.89896
1778.0,3973.12372
1779.0,3978.35384
1780.0,3983.58934
1781.0,3988.83021
1782.0,3994.07647
1783.0,3999.32812
1784.0,4004.58516
1785.0,4009.84759
1786.0,4015.11542
1787.0,4020.38866
1788.0,4025.66731
1789.0,4030.95137
1790.0,4036.24086
1791.0,4041.53576
1792.0,4046.83609
1793.0,4052.14185
1794.0,4057.45305
1795.0,4062.76969
1796.0,4068.09178
1797.0,4073.41931
1798.0,4078.7523
1799.0,4084.09075
1800.0,4089.43466
1801.0,4094.78403
1802.0,4100.13888
1803.0,4105.49921
1804.0,4110.86502
1805.0,4116.23631
1806.0,4121.61309
1807.0,4126.99537
1808.0,4132.38314
1809.0,4137.77642
1810.0,4143.17521
1811.0,4148.57951
1812.0,4153.98933
1813.0,4159.40466
1814.0,4164.82553
1815.0,4170.25192
1816.0,4175.68385
1817.0,4181.12132
1818.0,4186.56433
1819.0,4192.01289
1820.0,4197.46701
1821.0,4202.92668
1822.0,4208.39192
1823.0,4213.86272
1824.0,4219.33909
1825.0,4224.82104
1826.0,4230.30856
1827.0,4235.80168
1828.0,4241.30038
1829.0,4246.80468
1830.0,4252.31457
1831.0,4257.83007
1832.0,4263.35117
1833.0,4268.87789
1834.0,4274.41023
1835.0,4279.94818
1836.0,4285.49176
1837.0,4291.04097
1838.0,4296.59582
1839.0,4302.15631
1840.0,4307.72244
1841.0,4313.29422
1842.0,4318.87165
1843.0,4324.45474
1844.0,4330.04349
1845.0,4335.63791
1846.0,4341.238
1847.0,4346.84377
1848.0,4352.45522
1849.0,4358.07235
1850.0,4363.69517
1851.0,4369.32369
1852.0,4374.95791
1853.0,4380.59783
1854.0,4386.24346
1855.0,4391.8948
1856.0,4397.55186
1857.0,4403.21464
1858.0,4408.88315
1859.0,4414.55739
1860.0,4420.23736
1861.0,4425.92308
1862.0,4431.61454
1863.0,4437.31175
1864.0,4443.01472
1865.0,4448.72345
1866.0,4454.43794
1867.0,4460.15819
1868.0,4465.88422
1869.0,4471.61603
1870.0,4477.35362
1871.0,4483.097
1872.0,4488.84617
1873.0,4494.60114
1874.0,4500.36191
1875.0,4506.12848
1876.0,4511.90086
1877.0,4517.67906
1878.0,4523.46308
1879.0,4529.25292
1880.0,4535.04859
1881.0,4540.8501
1882.0,4546.65744
1883.0,4552.47063
1884.0,4558.28966
1885.0,4564.11455
1886.0,4569.94529
1887.0,4575.7819
1888.0,4581.62437
1889.0,4587.47271
1890.0,4593.32693
1891.0,4599.18703
1892.0,4605.05301
1893.0,4610.92489
1894.0,4616.80266
1895.0,4622.68632
1896.0,4628.5759
1897.0,4634.47138
1898.0,4640.37277
1899.0,4646.28008
1900.0,4652.19332
1901.0,4658.11248
1902.0,4664.03758
1903.0,4669.96861
1904.0,4675.90559
1905.0,4681.84851
1906.0,4687.79738
1907.0,4693.75221
1908.0,4699.713
1909.0,4705.67975
1910.0,4711.65248
1911.0,4717.63118
1912.0,4723.61585
1913.0,4729.60652
1914.0,4735.60317
1915.0,4741.60582
1916.0,4747.61446
1917.0,4753.62911
1918.0,4759.64977
1919.0,4765.67644
1920.0,4771.70913
1921.0,4777.74784
1922.0,4783.79258
1923.0,4789.84335
1924.0,4795.90016
1925.0,4801.96301
1926.0,4808.0319
1927.0,4814.10685
1928.0,4820.18785
1929.0,4826.27491
1930.0,4832.36804
1931.0,4838.46724
1932.0,4844.57252
1933.0,4850.68387
1934.0,4856.80131
1935.0,4862.92484
1936.0,4869.05446
1937.0,4875.19019
1938.0,4881.33201
1939.0,4887.47995
1940.0,4893.634
1941.0,4899.79417
1942.0,4905.96046
1943.0,4912.13288
1944.0,4918.31143
1945.0,4924.49612
1946.0,4930.68695
1947.0,4936.88393
1948.0,4943.08707
1949.0,4949.29636
1950.0,4955.51181
1951.0,4961.73343
1952.0,4967.96122
1953.0,4974.19518
1954.0,4980.43533
1955.0,4986.68166
1956.0,4992.93419
1957.0,4999.19291
1958.0,5005.45783
1959.0,5011.72896
1960.0,5018.0063
1961.0,5024.28985
1962.0,5030.57963
1963.0,5036.87563
1964.0,5043.17786
1965.0,5049.48632
1966.0,5055.80102
1967.0,5062.12197
1968.0,5068.44917
1969.0,5074.78262
1970.0,5081.12234
1971.0,5087.46831
1972.0,5093.82056
1973.0,5100.17908
1974.0,5106.54388
1975.0,5112.91496
1976.0,5119.29233
1977.0,5125.676
1978.0,5132.06596
1979.0,5138.46223
1980.0,5144.8648
1981.0,5151.27369
1982.0,5157.6889
1983.0,5164.11043
1984.0,5170.53829
1985.0,5176.97248
1986.0,5183.41301
1987.0,5189.85988
1988.0,5196.3131
1989.0,5202.77267
1990.0,5209.2386
1991.0,5215.7109
1992.0,5222.18956
1993.0,5228.67459
1994.0,5235.166
1995.0,5241.6638
1996.0,5248.16798
1997.0,5254.67855
1998.0,5261.19552
1999.0,5267.71889
2000.0,5274.24868
2001.0,5280.78487
2002.0,5287.32748
2003.0,5293.87651
2004.0,5300.43197
2005.0,5306.99386
2006.0,5313.56219
2007.0,5320.13696
2008.0,5326.71818
2009.0,5333.30585
2010.0,5339.89998
2011.0,5346.50057
2012.0,5353.10762
2013.0,5359.72115
2014.0,5366.34116
2015.0,5372.96765
2016.0,5379.60062
2017.0,5386.24009
2018.0,5392.88605
2019.0,5399.53852
2020.0,5406.19749
2021.0,5412.86298
2022.0,5419.53498
2023.0,5426.21351
2024.0,5432.89856
2025.0,5439.59015
2026.0,5446.28827
2027.0,5452.99293
2028.0,5459.70415
2029.0,5466.42191
2030.0,5473.14623
2031.0,5479.87712
2032.0,5486.61457
2033.0,5493.3586
2034.0,5500.1092
2035.0,5506.86639
2036.0,5513.63016
2037.0,5520.40053
2038.0,5527.17749
2039.0,5533.96106
2040.0,5540.75124
2041.0,5547.54802
2042.0,5554.35143
2043.0,5561.16146
2044.0,5567.97812
2045.0,5574.80141
2046.0,5581.63135
2047.0,5588.46792
2048.0,5595.31114
2049.0,5602.16102
2050.0,5609.01756
2051.0,5615.88076
2052.0,5622.75063
2053.0,5629.62717
2054.0,5636.51039
2055.0,5643.4003
2056.0,5650.2969
2057.0,5657.20019
2058.0,5664.11018
2059.0,5671.02688
2060.0,5677.95029
2061.0,5684.88041
2062.0,5691.81725
2063.0,5698.76082
2064.0,5705.71112
2065.0,5712.66815
2066.0,5719.63193
2067.0,5726.60245
2068.0,5733.57972
2069.0,5740.56375
2070.0,5747.55454
2071.0,5754.55209
2072.0,5761.55642
2073.0,5768.56753
2074.0,5775.58541
2075.0,5782.61009
2076.0,5789.64155
2077.0,5796.67982
2078.0,5803.72488
2079.0,5810.77676
2080.0,5817.83544
2081.0,5824.90095
2082.0,5831.97328
2083.0,5839.05244
2084.0,5846.13843
2085.0,5853.23126
2086.0,5860.33093
2087.0,5867.43746
2088.0,5874.55083
2089.0,5881.67107
2090.0,5888.79817
2091.0,5895.93215
2092.0,5903.073
2093.0,5910.22072
2094.0,5917.37534
2095.0,5924.53684
2096.0,5931.70524
2097.0,5938.88055
2098.0,5946.06276
2099.0,5953.25188
2100.0,5960.44792
2101.0,5967.65088
2102.0,5974.86077
2103.0,5982.07759
2104.0,5989.30134
2105.0,5996.53205
2106.0,6003.7697
2107.0,6011.0143
2108.0,6018.26586
2109.0,6025.52439
2110.0,6032.78989
2111.0,6040.06236
2112.0,6047.34181
2113.0,6054.62825
2114.0,6061.92167
2115.0,6069.2221
2116.0,6076.52952
2117.0,6083.84395
2118.0,6091.16539
2119.0,6098.49385
2120.0,6105.82933
2121.0,6113.17184
2122.0,6120.52138
2123.0,6127.87795
2124.0,6135.24158
2125.0,6142.61224
2126.0,6149.98997
2127.0,6157.37475
2128.0,6164.7666
2129.0,6172.16552
2130.0,6179.57151
2131.0,6186.98458
2132.0,6194.40474
2133.0,6201.83199
2134.0,6209.26633
2135.0,6216.70778
2136.0,6224.15633
2137.0,6231.612
2138.0,6239.07478
2139.0,6246.54469
2140.0,6254.02172
2141.0,6261.50589
2142.0,6268.99719
2143.0,6276.49564
2144.0,6284.00124
2145.0,6291.514
2146.0,6299.03391
2147.0,6306.561
2148.0,6314.09525
2149.0,6321.63668
2150.0,6329.18529
2151.0,6336.74108
2152.0,6344.30407
2153.0,6351.87426
2154.0,6359.45165
2155.0,6367.03625
2156.0,6374.62806
2157.0,6382.22709
2158.0,6389.83334
2159.0,6397.44683
2160.0,6405.06755
2161.0,6412.69551
2162.0,6420.33072
2163.0,6427.97318
2164.0,6435.6229
2165.0,6443.27988
2166.0,6450.94412
2167.0,6458.61564
2168.0,6466.29444
2169.0,6473.98052
2170.0,6481.67389
2171.0,6489.37456
2172.0,6497.08252
2173.0,6504.7978
2174.0,6512.52038
2175.0,6520.25028
2176.0,6527.9875
2177.0,6535.73205
2178.0,6543.48393
2179.0,6551.24315
2180.0,6559.00971
2181.0,6566.78362
2182.0,6574.56488
2183.0,6582.35351
2184.0,6590.1495
2185.0,6597.95286
2186.0,6605.7636
2187.0,6613.58172
2188.0,6621.40723
2189.0,6629.24013
2190.0,6637.08042
2191.0,6644.92812
2192.0,6652.78323
2193.0,6660.64576
2194.0,6668.5157
2195.0,6676.39307
2196.0,6684.27787
2197.0,6692.17011
2198.0,6700.06979
2199.0,6707.97691
2200.0,6715.89149
2201.0,6723.81353
2202.0,6731.74303
2203.0,6739.68
2204.0,6747.62445
2205.0,6755.57637
2206.0,6763.53578
2207.0,6771.50269
2208.0,6779.47708
2209.0,6787.45899
2210.0,6795.4484
2211.0,6803.44532
2212.0,6811.44976
2213.0,6819.46173
2214.0,6827.48122
2215.0,6835.50825
2216.0,6843.54283
2217.0,6851.58495
2218.0,6859.63462
2219.0,6867.69185
2220.0,6875.75664
2221.0,6883.829
2222.0,6891.90894
2223.0,6899.99645
2224.0,6908.09155
2225.0,6916.19424
2226.0,6924.30453
2227.0,6932.42242
2228.0,6940.54792
2229.0,6948.68103
2230.0,6956.82176
2231.0,6964.97011
2232.0,6973.12609
2233.0,6981.28971
2234.0,6989.46097
2235.0,6997.63988
2236.0,7005.82644
2237.0,7014.02065
2238.0,7022.22253
2239.0,7030.43208
2240.0,7038.64931
2241.0,7046.87421
2242.0,7055.1068
2243.0,7063.34708
2244.0,7071.59506
2245.0,7079.85074
2246.0,7088.11413
2247.0,7096.38523
2248.0,7104.66405
2249.0,7112.9506
2250.0,7121.24488
2251.0,7129.54689
2252.0,7137.85665
2253.0,7146.17415
2254.0,7154.49941
2255.0,7162.83243
2256.0,7171.17321
2257.0,7179.52176
2258.0,7187.87808
2259.0,7196.24219
2260.0,7204.61408
2261.0,7212.99377
2262.0,7221.38126
2263.0,7229.77655
2264.0,7238.17965
2265.0,7246.59056
2266.0,7255.0093
2267.0,7263.43586
2268.0,7271.87026
2269.0,7280.31249
2270.0,7288.76257
2271.0,7297.22049
2272.0,7305.68627
2273.0,7314.15992
2274.0,7322.64143
2275.0,7331.13081
2276.0,7339.62807
2277.0,7348.13321
2278.0,7356.64624
2279.0,7365.16717
2280.0,7373.69599
2281.0,7382.23273
2282.0,7390.77737
2283.0,7399.32994
2284.0,7407.89042
2285.0,7416.45884
2286.0,7425.03519
2287.0,7433.61948
2288.0,7442.21172
2289.0,7450.81191
2290.0,7459.42006
2291.0,7468.03617
2292.0,7476.66025
2293.0,7485.29231
2294.0,7493.93235
2295.0,7502.58037
2296.0,7511.23638
2297.0,7519.9004
2298.0,7528.57242
2299.0,7537.25244
2300.0,7545.94049
2301.0,7554.63655
2302.0,7563.34064
2303.0,7572.05276
2304.0,7580.77293
2305.0,7589.50113
2306.0,7598.23739
2307.0,7606.9817
2308.0,7615.73407
2309.0,7624.49451
2310.0,7633.26303
2311.0,7642.03962
2312.0,7650.8243
2313.0,7659.61706
2314.0,7668.41793
2315.0,7677.22689
2316.0,7686.04397
2317.0,7694.86915
2318.0,7703.70246
2319.0,7712.54389
2320.0,7721.39345
2321.0,7730.25115
2322.0,7739.117
2323.0,7747.99099
2324.0,7756.87313
2325.0,7765.76344
2326.0,7774.66191
2327.0,7783.56855
2328.0,7792.48337
2329.0,7801.40638
2330.0,7810.33757
2331.0,7819.27696
2332.0,7828.22455
2333.0,7837.18035
2334.0,7846.14436
2335.0,7855.11659
2336.0,7864.09704
2337.0,7873.08573
2338.0,7882.08265
2339.0,7891.08781
2340.0,7900.10122
2341.0,7909.12288
2342.0,7918.1528
2343.0,7927.19099
2344.0,7936.23745
2345.0,7945.29219
2346.0,7954.35521
2347.0,7963.42652
2348.0,7972.50613
2349.0,7981.59403
2350.0,7990.69025
2351.0,7999.79477
2352.0,8008.90761
2353.0,8018.02878
2354.0,8027.15828
2355.0,8036.29612
2356.0,8045.44229
2357.0,8054.59682
2358.0,8063.7597
2359.0,8072.93094
2360.0,8082.11054
2361.0,8091.29852
2362.0,8100.49487
2363.0,8109.69961
2364.0,8118.91274
2365.0,8128.13426
2366.0,8137.36419
2367.0,8146.60252
2368.0,8155.84927
2369.0,8165.10443
2370.0,8174.36802
2371.0,8183.64004
2372.0,8192.9205
2373.0,8202.2094
2374.0,8211.50676
2375.0,8220.81256
2376.0,8230.12683
2377.0,8239.44956
2378.0,8248.78077
2379.0,8258.12046
2380.0,8267.46863
2381.0,8276.82529
2382.0,8286.19045
2383.0,8295.56411
2384.0,8304.94628
2385.0,8314.33696
2386.0,8323.73617
2387.0,8333.1439
2388.0,8342.56017
2389.0,8351.98497
2390.0,8361.41832
2391.0,8370.86022
2392.0,8380.31068
2393.0,8389.7697
2394.0,8399.23729
2395.0,8408.71346
2396.0,8418.1982
2397.0,8427.69153
2398.0,8437.19346
2399.0,8446.70398
2400.0,8456.22311
2401.0,8465.75085
2402.0,8475.28721
2403.0,8484.83219
2404.0,8494.3858
2405.0,8503.94805
2406.0,8513.51893
2407.0,8523.09847
2408.0,8532.68665
2409.0,8542.2835
2410.0,8551.88901
2411.0,8561.5032
2412.0,8571.12606
2413.0,8580.7576
2414.0,8590.39784
2415.0,8600.04677
2416.0,8609.7044
2417.0,8619.37075
2418.0,8629.0458
2419.0,8638.72958
2420.0,8648.42208
2421.0,8658.12331
2422.0,8667.83329
2423.0,8677.552
2424.0,8687.27947
2425.0,8697.0157
2426.0,8706.76068
2427.0,8716.51444
2428.0,8726.27697
2429.0,8736.04829
2430.0,8745.82839
2431.0,8755.61728
2432.0,8765.41498
2433.0,8775.22148
2434.0,8785.03679
2435.0,8794.86092
2436.0,8804.69387
2437.0,8814.53565
2438.0,8824.38628
2439.0,8834.24574
2440.0,8844.11405
2441.0,8853.99122
2442.0,8863.87724
2443.0,8873.77214
2444.0,8883.67591
2445.0,8893.58855
2446.0,8903.51009
2447.0,8913.44051
2448.0,8923.37983
2449.0,8933.32806
2450.0,8943.2852
2451.0,8953.25125
2452.0,8963.22623
2453.0,8973.21013
2454.0,8983.20297
2455.0,8993.20475
2456.0,9003.21548
2457.0,9013.23516
2458.0,9023.2638
2459.0,9033.30141
2460.0,9043.34799
2461.0,9053.40355
2462.0,9063.46809
2463.0,9073.54162
2464.0,9083.62415
2465.0,9093.71569
2466.0,9103.81623
2467.0,9113.92579
2468.0,9124.04437
2469.0,9134.17198
2470.0,9144.30862
2471.0,9154.4543
2472.0,9164.60903
2473.0,9174.77282
2474.0,9184.94566
2475.0,9195.12757
2476.0,9205.31855
2477.0,9215.5186
2478.0,9225.72775
2479.0,9235.94598
2480.0,9246.17331
2481.0,9256.40974
2482.0,9266.65528
2483.0,9276.90994
2484.0,9287.17371
2485.0,9297.44662
2486.0,9307.72866
2487.0,9318.01984
2488.0,9328.32017
2489.0,9338.62965
2490.0,9348.94829
2491.0,9359.2761
2492.0,9369.61308
2493.0,9379.95923
2494.0,9390.31457
2495.0,9400.67911
2496.0,9411.05284
2497.0,9421.43577
2498.0,9431.82791
2499.0,9442.22927
2500.0,9452.63985
2501.0,9463.05966
2502.0,9473.48871
2503.0,9483.92699
2504.0,9494.37452
2505.0,9504.83131
2506.0,9515.29736
2507.0,9525.77268
2508.0,9536.25726
2509.0,9546.75113
2510.0,9557.25428
2511.0,9567.76673
2512.0,9578.28847
2513.0,9588.81952
2514.0,9599.35988
2515.0,9609.90955
2516.0,9620.46855
2517.0,9631.03688
2518.0,9641.61455
2519.0,9652.20156
2520.0,9662.79792
2521.0,9673.40363
2522.0,9684.01871
2523.0,9694.64315
2524.0,9705.27697
2525.0,9715.92017
2526.0,9726.57275
2527.0,9737.23474
2528.0,9747.90612
2529.0,9758.58691
2530.0,9769.27711
2531.0,9779.97673
2532.0,9790.68577
2533.0,9801.40425
2534.0,9812.13217
2535.0,9822.86953
2536.0,9833.61634
2537.0,9844.37261
2538.0,9855.13835
2539.0,9865.91355
2540.0,9876.69824
2541.0,9887.4924
2542.0,9898.29606
2543.0,9909.10921
2544.0,9919.93187
2545.0,9930.76403
2546.0,9941.60571
2547.0,9952.45692
2548.0,9963.31765
2549.0,9974.18791
2550.0,9985.06772
2551.0,9995.95708
2552.0,10006.85599
2553.0,10017.76446
2554.0,10028.68249
2555.0,10039.61011
2556.0,10050.5473
2557.0,10061.49408
2558.0,10072.45045
2559.0,10083.41642
2560.0,10094.392
2561.0,10105.37719
2562.0,10116.372
2563.0,10127.37643
2564.0,10138.3905
2565.0,10149.4142
2566.0,10160.44755
2567.0,10171.49055
2568.0,10182.54321
2569.0,10193.60553
2570.0,10204.67753
2571.0,10215.7592
2572.0,10226.85056
2573.0,10237.95161
2574.0,10249.06235
2575.0,10260.1828
2576.0,10271.31295
2577.0,10282.45283
2578.0,10293.60243
2579.0,10304.76175
2580.0,10315.93081
2581.0,10327.10962
2582.0,10338.29818
2583.0,10349.49649
2584.0,10360.70456
2585.0,10371.9224
2586.0,10383.15002
2587.0,10394.38742
2588.0,10405.63461
2589.0,10416.89159
2590.0,10428.15837
2591.0,10439.43497
2592.0,10450.72138
2593.0,10462.0176
2594.0,10473.32366
2595.0,10484.63955
2596.0,10495.96529
2597.0,10507.30087
2598.0,10518.6463
2599.0,10530.00159
2600.0,10541.36676
2601.0,10552.74179
2602.0,10564.12671
2603.0,10575.52152
2604.0,10586.92621
2605.0,10598.34081
2606.0,10609.76532
2607.0,10621.19974
2608.0,10632.64408
2609.0,10644.09834
2610.0,10655.56254
2611.0,10667.03668
2612.0,10678.52077
2613.0,10690.01481
2614.0,10701.5188
2615.0,10713.03277
2616.0,10724.55671
2617.0,10736.09063
2618.0,10747.63453
2619.0,10759.18843
2620.0,10770.75233
2621.0,10782.32623
2622.0,10793.91015
2623.0,10805.50409
2624.0,10817.10805
2625.0,10828.72205
2626.0,10840.34608
2627.0,10851.98016
2628.0,10863.6243
2629.0,10875.27849
2630.0,10886.94275
2631.0,10898.61709
2632.0,10910.3015
2633.0,10921.996
2634.0,10933.70059
2635.0,10945.41529
2636.0,10957.14009
2637.0,10968.875
2638.0,10980.62003
2639.0,10992.37519
2640.0,11004.14048
2641.0,11015.91591
2642.0,11027.70149
2643.0,11039.49722
2644.0,11051.30311
2645.0,11063.11916
2646.0,11074.94539
2647.0,11086.7818
2648.0,11098.6284
2649.0,11110.48519
2650.0,11122.35218
2651.0,11134.22938
2652.0,11146.11679
2653.0,11158.01442
2654.0,11169.92228
2655.0,11181.84038
2656.0,11193.76871
2657.0,11205.70729
2658.0,11217.65613
2659.0,11229.61522
2660.0,11241.58459
2661.0,11253.56422
2662.0,11265.55414
2663.0,11277.55435
2664.0,11289.56485
2665.0,11301.58565
2666.0,11313.61677
2667.0,11325.65819
2668.0,11337.70994
2669.0,11349.77202
2670.0,11361.84443
2671.0,11373.92718
2672.0,11386.02028
2673.0,11398.12374
2674.0,11410.23756
2675.0,11422.36175
2676.0,11434.49632
2677.0,11446.64127
2678.0,11458.79661
2679.0,11470.96234
2680.0,11483.13848
2681.0,11495.32503
2682.0,11507.52199
2683.0,11519.72938
2684.0,11531.9472
2685.0,11544.17545
2686.0,11556.41415
2687.0,11568.6633
2688.0,11580.92291
2689.0,11593.19299
2690.0,11605.47353
2691.0,11617.76456
2692.0,11630.06606
2693.0,11642.37806
2694.0,11654.70056
2695.0,11667.03357
2696.0,11679.37708
2697.0,11691.73112
2698.0,11704.09568
2699.0,11716.47078
2700.0,11728.85641
2701.0,11741.2526
2702.0,11753.65933
2703.0,11766.07663
2704.0,11778.50449
2705.0,11790.94293
2706.0,11803.39195
2707.0,11815.85155
2708.0,11828.32176
2709.0,11840.80256
2710.0,11853.29397
2711.0,11865.796
2712.0,11878.30865
2713.0,11890.83193
2714.0,11903.36584
2715.0,11915.9104
2716.0,11928.46561
2717.0,11941.03148
2718.0,11953.60801
2719.0,11966.19521
2720.0,11978.79309
2721.0,11991.40165
2722.0,12004.0209
2723.0,12016.65085
2724.0,12029.29151
2725.0,12041.94288
2726.0,12054.60497
2727.0,12067.27779
2728.0,12079.96133
2729.0,12092.65562
2730.0,12105.36066
2731.0,12118.07645
2732.0,12130.803
2733.0,12143.54031
2734.0,12156.28841
2735.0,12169.04728
2736.0,12181.81694
2737.0,12194.5974
2738.0,12207.38866
2739.0,12220.19073
2740.0,12233.00362
2741.0,12245.82733
2742.0,12258.66187
2743.0,12271.50725
2744.0,12284.36347
2745.0,12297.23055
2746.0,12310.10848
2747.0,12322.99728
2748.0,12335.89695
2749.0,12348.8075
2750.0,12361.72893
2751.0,12374.66126
2752.0,12387.60449
2753.0,12400.55863
2754.0,12413.52368
2755.0,12426.49965
2756.0,12439.48655
2757.0,12452.48438
2758.0,12465.49316
2759.0,12478.51289
2760.0,12491.54357
2761.0,12504.58522
2762.0,12517.63784
2763.0,12530.70143
2764.0,12543.77601
2765.0,12556.86159
2766.0,12569.95816
2767.0,12583.06573
2768.0,12596.18432
2769.0,12609.31393
2770.0,12622.45456
2771.0,12635.60623
2772.0,12648.76894
2773.0,12661.9427
2774.0,12675.12751
2775.0,12688.32338
2776.0,12701.53033
2777.0,12714.74834
2778.0,12727.97745
2779.0,12741.21764
2780.0,12754.46893
2781.0,12767.73133
2782.0,12781.00483
2783.0,12794.28946
2784.0,12807.58521
2785.0,12820.89209
2786.0,12834.21011
2787.0,12847.53928
2788.0,12860.87961
2789.0,12874.23109
2790.0,12887.59375
2791.0,12900.96757
2792.0,12914.35259
2793.0,12927.74879
2794.0,12941.15618
2795.0,12954.57479
2796.0,12968.0046
2797.0,12981.44563
2798.0,12994.89788
2799.0,13008.36137
2800.0,13021.8361
2801.0,13035.32207
2802.0,13048.8193
2803.0,13062.32779
2804.0,13075.84754
2805.0,13089.37857
2806.0,13102.92089
2807.0,13116.47449
2808.0,13130.03939
2809.0,13143.61559
2810.0,13157.2031
2811.0,13170.80194
2812.0,13184.41209
2813.0,13198.03358
2814.0,13211.66641
2815.0,13225.31058
2816.0,13238.96611
2817.0,13252.633
2818.0,13266.31126
2819.0,13280.00089
2820.0,13293.70191
2821.0,13307.41431
2822.0,13321.13812
2823.0,13334.87332
2824.0,13348.61994
2825.0,13362.37797
2826.0,13376.14743
2827.0,13389.92833
2828.0,13403.72066
2829.0,13417.52444
2830.0,13431.33968
2831.0,13445.16638
2832.0,13459.00454
2833.0,13472.85418
2834.0,13486.71531
2835.0,13500.58792
2836.0,13514.47204
2837.0,13528.36765
2838.0,13542.27478
2839.0,13556.19343
2840.0,13570.12361
2841.0,13584.06532
2842.0,13598.01857
2843.0,13611.98337
2844.0,13625.95972
2845.0,13639.94764
2846.0,13653.94713
2847.0,13667.95819
2848.0,13681.98084
2849.0,13696.01508
2850.0,13710.06092
2851.0,13724.11837
2852.0,13738.18743
2853.0,13752.26811
2854.0,13766.36042
2855.0,13780.46436
2856.0,13794.57995
2857.0,13808.70719
2858.0,13822.84608
2859.0,13836.99664
2860.0,13851.15887
2861.0,13865.33278
2862.0,13879.51837
2863.0,13893.71566
2864.0,13907.92465
2865.0,13922.14535
2866.0,13936.37776
2867.0,13950.6219
2868.0,13964.87776
2869.0,13979.14537
2870.0,13993.42471
2871.0,14007.71581
2872.0,14022.01867
2873.0,14036.3333
2874.0,14050.6597
2875.0,14064.99788
2876.0,14079.34785
2877.0,14093.70961
2878.0,14108.08318
2879.0,14122.46856
2880.0,14136.86576
2881.0,14151.27478
2882.0,14165.69564
2883.0,14180.12833
2884.0,14194.57287
2885.0,14209.02927
2886.0,14223.49753
2887.0,14237.97766
2888.0,14252.46966
2889.0,14266.97355
2890.0,14281.48933
2891.0,14296.01701
2892.0,14310.55659
2893.0,14325.10809
2894.0,14339.67151
2895.0,14354.24685
2896.0,14368.83414
2897.0,14383.43336
2898.0,14398.04454
2899.0,14412.66767
2900.0,14427.30277
2901.0,14441.94984
2902.0,14456.60889
2903.0,14471.27993
2904.0,14485.96296
2905.0,14500.65799
2906.0,14515.36504
2907.0,14530.0841
2908.0,14544.81518
2909.0,14559.5583
2910.0,14574.31345
2911.0,14589.08066
2912.0,14603.85991
2913.0,14618.65123
2914.0,14633.45461
2915.0,14648.27008
2916.0,14663.09762
2917.0,14677.93726
2918.0,14692.78899
2919.0,14707.65283
2920.0,14722.52878
2921.0,14737.41686
2922.0,14752.31706
2923.0,14767.2294
2924.0,14782.15388
2925.0,14797.09051
2926.0,14812.0393
2927.0,14827.00025
2928.0,14841.97338
2929.0,14856.95869
2930.0,14871.95618
2931.0,14886.96587
2932.0,14901.98776
2933.0,14917.02187
2934.0,14932.06819
2935.0,14947.12673
2936.0,14962.19751
2937.0,14977.28053
2938.0,14992.37579
2939.0,15007.48331
2940.0,15022.60309
2941.0,15037.73515
2942.0,15052.87947
2943.0,15068.03609
2944.0,15083.205
2945.0,15098.3862
2946.0,15113.57972
2947.0,15128.78554
2948.0,15144.00369
2949.0,15159.23417
2950.0,15174.47699
2951.0,15189.73216
2952.0,15204.99967
2953.0,15220.27955
2954.0,15235.57179
2955.0,15250.87641
2956.0,15266.1934
2957.0,15281.52279
2958.0,15296.86458
2959.0,15312.21877
2960.0,15327.58538
2961.0,15342.9644
2962.0,15358.35585
2963.0,15373.75974
2964.0,15389.17607
2965.0,15404.60485
2966.0,15420.04609
2967.0,15435.49979
2968.0,15450.96597
2969.0,15466.44462
2970.0,15481.93577
2971.0,15497.43941
2972.0,15512.95555
2973.0,15528.4842
2974.0,15544.02537
2975.0,15559.57907
2976.0,15575.1453
2977.0,15590.72407
2978.0,15606.31539
2979.0,15621.91927
2980.0,15637.53571
2981.0,15653.16472
2982.0,15668.80631
2983.0,15684.46049
2984.0,15700.12725
2985.0,15715.80663
2986.0,15731.49861
2987.0,15747.2032
2988.0,15762.92042
2989.0,15778.65028
2990.0,15794.39277
2991.0,15810.14791
2992.0,15825.91571
2993.0,15841.69616
2994.0,15857.48929
2995.0,15873.29509
2996.0,15889.11358
2997.0,15904.94477
2998.0,15920.78865
2999.0,15936.64524
3000.0,15952.51455
3001.0,15968.39658
3002.0,15984.29134
3003.0,16000.19884
3004.0,16016.11908
3005.0,16032.05208
3006.0,16047.99784
3007.0,16063.95637
3008.0,16079.92768
3009.0,16095.91177
3010.0,16111.90865
3011.0,16127.91833
3012.0,16143.94082
3013.0,16159.97613
3014.0,16176.02425
3015.0,16192.08521
3016.0,16208.15901
3017.0,16224.24565
3018.0,16240.34514
3019.0,16256.4575
3020.0,16272.58272
3021.0,16288.72082
3022.0,16304.87181
3023.0,16321.03568
3024.0,16337.21246
3025.0,16353.40214
3026.0,16369.60474
3027.0,16385.82026
3028.0,16402.04871
3029.0,16418.29009
3030.0,16434.54443
3031.0,16450.81171
3032.0,16467.09196
3033.0,16483.38518
3034.0,16499.69137
3035.0,16516.01054
3036.0,16532.34271
3037.0,16548.68788
3038.0,16565.04605
3039.0,16581.41724
3040.0,16597.80145
3041.0,16614.19869
3042.0,16630.60897
3043.0,16647.0323
3044.0,16663.46867
3045.0,16679.91811
3046.0,16696.38062
3047.0,16712.85621
3048.0,16729.34488
3049.0,16745.84664
3050.0,16762.3615
3051.0,16778.88947
3052.0,16795.43055
3053.0,16811.98476
3054.0,16828.5521
3055.0,16845.13257
3056.0,16861.7262
3057.0,16878.33297
3058.0,16894.95291
3059.0,16911.58602
3060.0,16928.23231
3061.0,16944.89178
3062.0,16961.56444
3063.0,16978.2503
3064.0,16994.94938
3065.0,17011.66166
3066.0,17028.38718
3067.0,17045.12592
3068.0,17061.87791
3069.0,17078.64314
3070.0,17095.42162
3071.0,17112.21337
3072.0,17129.01839
3073.0,17145.83669
3074.0,17162.66827
3075.0,17179.51315
3076.0,17196.37133
3077.0,17213.24282
3078.0,17230.12763
3079.0,17247.02576
3080.0,17263.93723
3081.0,17280.86204
3082.0,17297.80019
3083.0,17314.7517
3084.0,17331.71658
3085.0,17348.69483
3086.0,17365.68645
3087.0,17382.69147
3088.0,17399.70988
3089.0,17416.74169
3090.0,17433.78692
3091.0,17450.84556
3092.0,17467.91764
3093.0,17485.00314
3094.0,17502.10209
3095.0,17519.21449
3096.0,17536.34035
3097.0,17553.47967
3098.0,17570.63247
3099.0,17587.79875
3100.0,17604.97852
3101.0,17622.17178
3102.0,17639.37855
3103.0,17656.59884
3104.0,17673.83264
3105.0,17691.07998
3106.0,17708.34085
3107.0,17725.61526
3108.0,17742.90323
3109.0,17760.20476
3110.0,17777.51986
3111.0,17794.84853
3112.0,17812.19079
3113.0,17829.54664
3114.0,17846.91609
3115.0,17864.29914
3116.0,17881.69581
3117.0,17899.10611
3118.0,17916.53003
3119.0,17933.9676
3120.0,17951.41881
3121.0,17968.88368
3122.0,17986.36221
3123.0,18003.85441
3124.0,18021.36029
3125.0,18038.87985
3126.0,18056.41311
3127.0,18073.96008
3128.0,18091.52075
3129.0,18109.09514
3130.0,18126.68326
3131.0,18144.28511
3132.0,18161.9007
3133.0,18179.53004
3134.0,18197.17314
3135.0,18214.83001
3136.0,18232.50065
3137.0,18250.18507
3138.0,18267.88328
3139.0,18285.59529
3140.0,18303.3211
3141.0,18321.06073
3142.0,18338.81417
3143.0,18356.58145
3144.0,18374.36256
3145.0,18392.15752
3146.0,18409.96633
3147.0,18427.78901
3148.0,18445.62555
3149.0,18463.47597
3150.0,18481.34027
3151.0,18499.21846
3152.0,18517.11056
3153.0,18535.01656
3154.0,18552.93649
3155.0,18570.87033
3156.0,18588.81811
3157.0,18606.77983
3158.0,18624.7555
3159.0,18642.74512
3160.0,18660.74871
3161.0,18678.76627
3162.0,18696.79781
3163.0,18714.84334
3164.0,18732.90286
3165.0,18750.97639
3166.0,18769.06393
3167.0,18787.16549
3168.0,18805.28108
3169.0,18823.41071
3170.0,18841.55438
3171.0,18859.7121
3172.0,18877.88389
3173.0,18896.06974
3174.0,18914.26967
3175.0,18932.48368
3176.0,18950.71178
3177.0,18968.95399
3178.0,18987.2103
3179.0,19005.48073
3180.0,19023.76528
3181.0,19042.06397
3182.0,19060.37679
3183.0,19078.70376
3184.0,19097.04489
3185.0,19115.40019
3186.0,19133.76966
3187.0,19152.1533
3188.0,19170.55114
3189.0,19188.96317
3190.0,19207.38941
3191.0,19225.82986
3192.0,19244.28453
3193.0,19262.75343
3194.0,19281.23656
3195.0,19299.73394
3196.0,19318.24557
3197.0,19336.77147
3198.0,19355.31163
3199.0,19373.86607
3200.0,19392.43479
3201.0,19411.01781
3202.0,19429.61513
3203.0,19448.22675
3204.0,19466.8527
3205.0,19485.49297
3206.0,19504.14757
3207.0,19522.81652
3208.0,19541.49981
3209.0,19560.19746
3210.0,19578.90948
3211.0,19597.63587
3212.0,19616.37664
3213.0,19635.1318
3214.0,19653.90136
3215.0,19672.68533
3216.0,19691.48371
3217.0,19710.29651
3218.0,19729.12374
3219.0,19747.96541
3220.0,19766.82153
3221.0,19785.6921
3222.0,19804.57713
3223.0,19823.47664
3224.0,19842.39062
3225.0,19861.31909
3226.0,19880.26205
3227.0,19899.21952
3228.0,19918.1915
3229.0,19937.178
3230.0,19956.17902
3231.0,19975.19459
3232.0,19994.22469
3233.0,20013.26935
3234.0,20032.32856
3235.0,20051.40235
3236.0,20070.49071
3237.0,20089.59365
3238.0,20108.71119
3239.0,20127.84333
3240.0,20146.99007
3241.0,20166.15143
3242.0,20185.32742
3243.0,20204.51804
3244.0,20223.7233
3245.0,20242.94321
3246.0,20262.17778
3247.0,20281.42702
3248.0,20300.69092
3249.0,20319.96951
3250.0,20339.26279
3251.0,20358.57077
3252.0,20377.89345
3253.0,20397.23085
3254.0,20416.58297
3255.0,20435.94982
3256.0,20455.33141
3257.0,20474.72774
3258.0,20494.13883
3259.0,20513.56469
3260.0,20533.00532
3261.0,20552.46072
3262.0,20571.93092
3263.0,20591.41591
3264.0,20610.9157
3265.0,20630.43031
3266.0,20649.95973
3267.0,20669.50399
3268.0,20689.06308
3269.0,20708.63702
3270.0,20728.22581
3271.0,20747.82946
3272.0,20767.44798
3273.0,20787.08138
3274.0,20806.72966
3275.0,20826.39284
3276.0,20846.07092
3277.0,20865.76391
3278.0,20885.47182
3279.0,20905.19466
3280.0,20924.93243
3281.0,20944.68515
3282.0,20964.45282
3283.0,20984.23544
3284.0,21004.03304
3285.0,21023.84561
3286.0,21043.67316
3287.0,21063.51571
3288.0,21083.37326
3289.0,21103.24582
3290.0,21123.13339
3291.0,21143.03599
3292.0,21162.95362
3293.0,21182.8863
3294.0,21202.83402
3295.0,21222.7968
3296.0,21242.77465
3297.0,21262.76758
3298.0,21282.77559
3299.0,21302.79868
3300.0,21322.83688
3301.0,21342.89019
3302.0,21362.95861
3303.0,21383.04215
3304.0,21403.14083
3305.0,21423.25465
3306.0,21443.38361
3307.0,21463.52774
3308.0,21483.68703
3309.0,21503.86149
3310.0,21524.05113
3311.0,21544.25597
3312.0,21564.476
3313.0,21584.71124
3314.0,21604.96169
3315.0,21625.22737
3316.0,21645.50828
3317.0,21665.80442
3318.0,21686.11582
3319.0,21706.44247
3320.0,21726.78439
3321.0,21747.14157
3322.0,21767.51404
3323.0,21787.9018
3324.0,21808.30486
3325.0,21828.72322
3326.0,21849.15689
3327.0,21869.60589
3328.0,21890.07022
3329.0,21910.54988
3330.0,21931.0449
3331.0,21951.55527
3332.0,21972.081
3333.0,21992.6221
3334.0,22013.17859
3335.0,22033.75046
3336.0,22054.33773
3337.0,22074.9404
3338.0,22095.55849
3339.0,22116.192
3340.0,22136.84094
3341.0,22157.50532
3342.0,22178.18514
3343.0,22198.88042
3344.0,22219.59116
3345.0,22240.31737
3346.0,22261.05907
3347.0,22281.81625
3348.0,22302.58892
3349.0,22323.37711
3350.0,22344.1808
3351.0,22365.00002
3352.0,22385.83476
3353.0,22406.68504
3354.0,22427.55087
3355.0,22448.43226
3356.0,22469.3292
3357.0,22490.24172
3358.0,22511.16982
3359.0,22532.1135
3360.0,22553.07278
3361.0,22574.04767
3362.0,22595.03817
3363.0,22616.04429
3364.0,22637.06604
3365.0,22658.10342
3366.0,22679.15645
3367.0,22700.22514
3368.0,22721.30949
3369.0,22742.40951
3370.0,22763.52521
3371.0,22784.6566
3372.0,22805.80368
3373.0,22826.96647
3374.0,22848.14497
3375.0,22869.33919
3376.0,22890.54915
3377.0,22911.77483
3378.0,22933.01627
3379.0,22954.27346
3380.0,22975.54641
3381.0,22996.83514
3382.0,23018.13964
3383.0,23039.45993
3384.0,23060.79602
3385.0,23082.14791
3386.0,23103.51562
3387.0,23124.89915
3388.0,23146.2985
3389.0,23167.7137
3390.0,23189.14474
3391.0,23210.59163
3392.0,23232.05439
3393.0,23253.53302
3394.0,23275.02754
3395.0,23296.53793
3396.0,23318.06423
3397.0,23339.60643
3398.0,23361.16455
3399.0,23382.73858
3400.0,23404.32855
3401.0,23425.93445
3402.0,23447.55631
3403.0,23469.19411
3404.0,23490.84788
3405.0,23512.51763
3406.0,23534.20335
3407.0,23555.90506
3408.0,23577.62277
3409.0,23599.35649
3410.0,23621.10622
3411.0,23642.87197
3412.0,23664.65376
3413.0,23686.45158
3414.0,23708.26545
3415.0,23730.09537
3416.0,23751.94137
3417.0,23773.80343
3418.0,23795.68157
3419.0,23817.57581
3420.0,23839.48614
3421.0,23861.41258
3422.0,23883.35514
3423.0,23905.31381
3424.0,23927.28862
3425.0,23949.27957
3426.0,23971.28667
3427.0,23993.30993
3428.0,24015.34935
3429.0,24037.40494
3430.0,24059.47672
3431.0,24081.56468
3432.0,24103.66885
3433.0,24125.78922
3434.0,24147.92581
3435.0,24170.07863
3436.0,24192.24768
3437.0,24214.43296
3438.0,24236.6345
3439.0,24258.8523
3440.0,24281.08636
3441.0,24303.3367
3442.0,24325.60332
3443.0,24347.88623
3444.0,24370.18544
3445.0,24392.50097
3446.0,24414.8328
3447.0,24437.18097
3448.0,24459.54547
3449.0,24481.92631
3450.0,24504.3235
3451.0,24526.73705
3452.0,24549.16697
3453.0,24571.61326
3454.0,24594.07594
3455.0,24616.55502
3456.0,24639.05049
3457.0,24661.56238
3458.0,24684.09068
3459.0,24706.63541
3460.0,24729.19658
3461.0,24751.77419
3462.0,24774.36825
3463.0,24796.97877
3464.0,24819.60576
3465.0,24842.24923
3466.0,24864.90919
3467.0,24887.58564
3468.0,24910.27859
3469.0,24932.98806
3470.0,24955.71404
3471.0,24978.45656
3472.0,25001.21561
3473.0,25023.9912
3474.0,25046.78335
3475.0,25069.59207
3476.0,25092.41735
3477.0,25115.25921
3478.0,25138.11766
3479.0,25160.99271
3480.0,25183.88436
3481.0,25206.79263
3482.0,25229.71751
3483.0,25252.65903
3484.0,25275.61718
3485.0,25298.59199
3486.0,25321.58345
3487.0,25344.59157
3488.0,25367.61636
3489.0,25390.65784
3490.0,25413.71601
3491.0,25436.79087
3492.0,25459.88244
3493.0,25482.99073
3494.0,25506.11574
3495.0,25529.25748
3496.0,25552.41596
3497.0,25575.59119
3498.0,25598.78318
3499.0,25621.99194
3500.0,25645.21747
3501.0,25668.45978
3502.0,25691.71889
3503.0,25714.99479
3504.0,25738.2875
3505.0,25761.59703
3506.0,25784.92339
3507.0,25808.26658
3508.0,25831.62661
3509.0,25855.0035
3510.0,25878.39724
3511.0,25901.80785
3512.0,25925.23534
3513.0,25948.67971
3514.0,25972.14098
3515.0,25995.61915
3516.0,26019.11423
3517.0,26042.62623
3518.0,26066.15516
3519.0,26089.70102
3520.0,26113.26383
3521.0,26136.84359
3522.0,26160.44032
3523.0,26184.05401
3524.0,26207.68468
3525.0,26231.33234
3526.0,26254.997
3527.0,26278.67866
3528.0,26302.37734
3529.0,26326.09303
3530.0,26349.82576
3531.0,26373.57552
3532.0,26397.34233
3533.0,26421.1262
3534.0,26444.92713
3535.0,26468.74514
3536.0,26492.58022
3537.0,26516.4324
3538.0,26540.30167
3539.0,26564.18805
3540.0,26588.09155
3541.0,26612.01217
3542.0,26635.94992
3543.0,26659.90481
3544.0,26683.87685
3545.0,26707.86606
3546.0,26731.87242
3547.0,26755.89597
3548.0,26779.93669
3549.0,26803.99461
3550.0,26828.06973
3551.0,26852.16206
3552.0,26876.27161
3553.0,26900.39838
3554.0,26924.54239
3555.0,26948.70365
3556.0,26972.88215
3557.0,26997.07792
3558.0,27021.29095
3559.0,27045.52127
3560.0,27069.76887
3561.0,27094.03376
3562.0,27118.31596
3563.0,27142.61547
3564.0,27166.9323
3565.0,27191.26646
3566.0,27215.61796
3567.0,27239.9868
3568.0,27264.373
3569.0,27288.77656
3570.0,27313.1975
3571.0,27337.63581
3572.0,27362.09151
3573.0,27386.56462
3574.0,27411.05512
3575.0,27435.56305
3576.0,27460.08839
3577.0,27484.63117
3578.0,27509.19139
3579.0,27533.76906
3580.0,27558.36419
3581.0,27582.97678
3582.0,27607.60685
3583.0,27632.2544
3584.0,27656.91944
3585.0,27681.60198
3586.0,27706.30204
3587.0,27731.01961
3588.0,27755.7547
3589.0,27780.50733
3590.0,27805.27751
3591.0,27830.06524
3592.0,27854.87052
3593.0,27879.69338
3594.0,27904.53382
3595.0,27929.39184
3596.0,27954.26745
3597.0,27979.16067
3598.0,28004.0715
3599.0,28028.99996
3600.0,28053.94604
3601.0,28078.90976
3602.0,28103.89113
3603.0,28128.89015
3604.0,28153.90683
3605.0,28178.94119
3606.0,28203.99323
3607.0,28229.06296
3608.0,28254.15038
3609.0,28279.25552
3610.0,28304.37836
3611.0,28329.51894
3612.0,28354.67724
3613.0,28379.85329
3614.0,28405.04708
3615.0,28430.25864
3616.0,28455.48796
3617.0,28480.73505
3618.0,28505.99993
3619.0,28531.2826
3620.0,28556.58308
3621.0,28581.90136
3622.0,28607.23746
3623.0,28632.59139
3624.0,28657.96316
3625.0,28683.35277
3626.0,28708.76023
3627.0,28734.18555
3628.0,28759.62874
3629.0,28785.08982
3630.0,28810.56878
3631.0,28836.06563
3632.0,28861.58039
3633.0,28887.11306
3634.0,28912.66366
3635.0,28938.23218
3636.0,28963.81865
3637.0,28989.42306
3638.0,29015.04543
3639.0,29040.68576
3640.0,29066.34406
3641.0,29092.02035
3642.0,29117.71463
3643.0,29143.42691
3644.0,29169.15719
3645.0,29194.9055
3646.0,29220.67182
3647.0,29246.45618
3648.0,29272.25859
3649.0,29298.07904
3650.0,29323.91756
3651.0,29349.77414
3652.0,29375.6488
3653.0,29401.54154
3654.0,29427.45238
3655.0,29453.38132
3656.0,29479.32837
3657.0,29505.29355
3658.0,29531.27685
3659.0,29557.27828
3660.0,29583.29787
3661.0,29609.33561
3662.0,29635.39151
3663.0,29661.46558
3664.0,29687.55783
3665.0,29713.66827
3666.0,29739.79691
3667.0,29765.94376
3668.0,29792.10882
3669.0,29818.2921
3670.0,29844.49362
3671.0,29870.71338
3672.0,29896.95138
3673.0,29923.20765
3674.0,29949.48218
3675.0,29975.77498
3676.0,30002.08607
3677.0,30028.41545
3678.0,30054.76314
3679.0,30081.12913
3680.0,30107.51344
3681.0,30133.91608
3682.0,30160.33705
3683.0,30186.77637
3684.0,30213.23404
3685.0,30239.71008
3686.0,30266.20448
3687.0,30292.71726
3688.0,30319.24843
3689.0,30345.79799
3690.0,30372.36596
3691.0,30398.95235
3692.0,30425.55715
3693.0,30452.18039
3694.0,30478.82206
3695.0,30505.48219
3696.0,30532.16077
3697.0,30558.85781
3698.0,30585.57333
3699.0,30612.30733
3700.0,30639.05982
3701.0,30665.83081
3702.0,30692.62031
3703.0,30719.42833
3704.0,30746.25487
3705.0,30773.09995
3706.0,30799.96357
3707.0,30826.84574
3708.0,30853.74648
3709.0,30880.66578
3710.0,30907.60366
3711.0,30934.56012
3712.0,30961.53518
3713.0,30988.52884
3714.0,31015.54112
3715.0,31042.57201
3716.0,31069.62154
3717.0,31096.6897
3718.0,31123.77651
3719.0,31150.88198
3720.0,31178.00611
3721.0,31205.14891
3722.0,31232.31039
3723.0,31259.49057
3724.0,31286.68944
3725.0,31313.90702
3726.0,31341.14331
3727.0,31368.39833
3728.0,31395.67209
3729.0,31422.96458
3730.0,31450.27583
3731.0,31477.60583
3732.0,31504.9546
3733.0,31532.32215
3734.0,31559.70849
3735.0,31587.11361
3736.0,31614.53754
3737.0,31641.98029
3738.0,31669.44185
3739.0,31696.92223
3740.0,31724.42146
3741.0,31751.93953
3742.0,31779.47646
3743.0,31807.03225
3744.0,31834.60691
3745.0,31862.20045
3746.0,31889.81288
3747.0,31917.44421
3748.0,31945.09444
3749.0,31972.76359
3750.0,32000.45166
3751.0,32028.15866
3752.0,32055.88461
3753.0,32083.6295
3754.0,32111.39336
3755.0,32139.17618
3756.0,32166.97797
3757.0,32194.79875
3758.0,32222.63852
3759.0,32250.4973
3760.0,32278.37508
3761.0,32306.27188
3762.0,32334.18771
3763.0,32362.12258
3764.0,32390.07649
3765.0,32418.04945
3766.0,32446.04148
3767.0,32474.05257
3768.0,32502.08275
3769.0,32530.13201
3770.0,32558.20037
3771.0,32586.28784
3772.0,32614.39442
3773.0,32642.52012
3774.0,32670.66496
3775.0,32698.82893
3776.0,32727.01205
3777.0,32755.21433
3778.0,32783.43578
3779.0,32811.6764
3780.0,32839.9362
3781.0,32868.2152
3782.0,32896.51339
3783.0,32924.8308
3784.0,32953.16742
3785.0,32981.52327
3786.0,33009.89835
3787.0,33038.29268
3788.0,33066.70626
3789.0,33095.13911
3790.0,33123.59122
3791.0,33152.06261
3792.0,33180.55329
3793.0,33209.06326
3794.0,33237.59254
3795.0,33266.14113
3796.0,33294.70904
3797.0,33323.29628
3798.0,33351.90287
3799.0,33380.5288
3800.0,33409.17408
3801.0,33437.83873
3802.0,33466.52276
3803.0,33495.22617
3804.0,33523.94897
3805.0,33552.69116
3806.0,33581.45277
3807.0,33610.23379
3808.0,33639.03424
3809.0,33667.85413
3810.0,33696.69345
3811.0,33725.55223
3812.0,33754.43047
3813.0,33783.32818
3814.0,33812.24536
3815.0,33841.18204
3816.0,33870.1382
3817.0,33899.11387
3818.0,33928.10906
3819.0,33957.12376
3820.0,33986.15799
3821.0,34015.21176
3822.0,34044.28508
3823.0,34073.37795
3824.0,34102.49039
3825.0,34131.6224
3826.0,34160.774
3827.0,34189.94518
3828.0,34219.13596
3829.0,34248.34635
3830.0,34277.57635
3831.0,34306.82598
3832.0,34336.09525
3833.0,34365.38415
3834.0,34394.69271
3835.0,34424.02092
3836.0,34453.36881
3837.0,34482.73637
3838.0,34512.12361
3839.0,34541.53055
3840.0,34570.9572
3841.0,34600.40355
3842.0,34629.86962
3843.0,34659.35543
3844.0,34688.86097
3845.0,34718.38625
3846.0,34747.93129
3847.0,34777.4961
3848.0,34807.08067
3849.0,34836.68503
3850.0,34866.30918
3851.0,34895.95312
3852.0,34925.61687
3853.0,34955.30044
3854.0,34985.00383
3855.0,35014.72705
3856.0,35044.47011
3857.0,35074.23302
3858.0,35104.0158
3859.0,35133.81843
3860.0,35163.64095
3861.0,35193.48335
3862.0,35223.34564
3863.0,35253.22783
3864.0,35283.12994
3865.0,35313.05196
3866.0,35342.99391
3867.0,35372.9558
3868.0,35402.93763
3869.0,35432.93942
3870.0,35462.96117
3871.0,35493.00289
3872.0,35523.06458
3873.0,35553.14627
3874.0,35583.24796
3875.0,35613.36965
3876.0,35643.51135
3877.0,35673.67308
3878.0,35703.85483
3879.0,35734.05663
3880.0,35764.27848
3881.0,35794.52038
3882.0,35824.78236
3883.0,35855.0644
3884.0,35885.36653
3885.0,35915.68875
3886.0,35946.03107
3887.0,35976.3935
3888.0,36006.77605
3889.0,36037.17873
3890.0,36067.60154
3891.0,36098.04449
3892.0,36128.5076
3893.0,36158.99087
3894.0,36189.49431
3895.0,36220.01792
3896.0,36250.56173
3897.0,36281.12572
3898.0,36311.70993
3899.0,36342.31435
3900.0,36372.93898
3901.0,36403.58385
3902.0,36434.24896
3903.0,36464.93432
3904.0,36495.63993
3905.0,36526.3658
3906.0,36557.11195
3907.0,36587.87839
3908.0,36618.66511
3909.0,36649.47213
3910.0,36680.29946
3911.0,36711.14711
3912.0,36742.01508
3913.0,36772.90339
3914.0,36803.81204
3915.0,36834.74104
3916.0,36865.6904
3917.0,36896.66013
3918.0,36927.65023
3919.0,36958.66072
3920.0,36989.69161
3921.0,37020.7429
3922.0,37051.8146
3923.0,37082.90672
3924.0,37114.01927
3925.0,37145.15226
3926.0,37176.30569
3927.0,37207.47958
3928.0,37238.67393
3929.0,37269.88875
3930.0,37301.12406
3931.0,37332.37985
3932.0,37363.65614
3933.0,37394.95294
3934.0,37426.27026
3935.0,37457.60809
3936.0,37488.96646
3937.0,37520.34538
3938.0,37551.74484
3939.0,37583.16486
3940.0,37614.60544
3941.0,37646.0666
3942.0,37677.54835
3943.0,37709.05069
3944.0,37740.57363
3945.0,37772.11718
3946.0,37803.68135
3947.0,37835.26614
3948.0,37866.87158
3949.0,37898.49765
3950.0,37930.14438
3951.0,37961.81177
3952.0,37993.49984
3953.0,38025.20858
3954.0,38056.93801
3955.0,38088.68813
3956.0,38120.45896
3957.0,38152.2505
3958.0,38184.06277
3959.0,38215.89576
3960.0,38247.7495
3961.0,38279.62398
3962.0,38311.51922
3963.0,38343.43523
3964.0,38375.37201
3965.0,38407.32957
3966.0,38439.30792
3967.0,38471.30707
3968.0,38503.32703
3969.0,38535.36781
3970.0,38567.42941
3971.0,38599.51185
3972.0,38631.61513
3973.0,38663.73926
3974.0,38695.88425
3975.0,38728.0501
3976.0,38760.23684
3977.0,38792.44446
3978.0,38824.67297
3979.0,38856.92239
3980.0,38889.19272
3981.0,38921.48397
3982.0,38953.79615
3983.0,38986.12926
3984.0,39018.48333
3985.0,39050.85834
3986.0,39083.25432
3987.0,39115.67127
3988.0,39148.1092
3989.0,39180.56812
3990.0,39213.04804
3991.0,39245.54896
3992.0,39278.0709
3993.0,39310.61386
3994.0,39343.17785
3995.0,39375.76288
3996.0,39408.36896
3997.0,39440.9961
3998.0,39473.64431
3999.0,39506.31359
4000.0,39539.00395
4001.0,39571.7154
4002.0,39604.44796
4003.0,39637.20162
4004.0,39669.97641
4005.0,39702.77231
4006.0,39735.58936
4007.0,39768.42754
4008.0,39801.28688
4009.0,39834.16738
4010.0,39867.06905
4011.0,39899.9919
4012.0,39932.93593
4013.0,39965.90116
4014.0,39998.88759
4015.0,40031.89523
4016.0,40064.92409
4017.0,40097.97418
4018.0,40131.04551
4019.0,40164.13809
4020.0,40197.25192
4021.0,40230.38702
4022.0,40263.54338
4023.0,40296.72103
4024.0,40329.91996
4025.0,40363.1402
4026.0,40396.38174
4027.0,40429.64459
4028.0,40462.92877
4029.0,40496.23428
4030.0,40529.56113
4031.0,40562.90933
4032.0,40596.27889
4033.0,40629.66982
4034.0,40663.08212
4035.0,40696.5158
4036.0,40729.97087
4037.0,40763.44735
4038.0,40796.94523
4039.0,40830.46453
4040.0,40864.00526
4041.0,40897.56742
4042.0,40931.15103
4043.0,40964.75608
4044.0,40998.3826
4045.0,41032.03059
4046.0,41065.70005
4047.0,41099.391
4048.0,41133.10344
4049.0,41166.83739
4050.0,41200.59285
4051.0,41234.36983
4052.0,41268.16834
4053.0,41301.98838
4054.0,41335.82997
4055.0,41369.69312
4056.0,41403.57783
4057.0,41437.4841
4058.0,41471.41196
4059.0,41505.36141
4060.0,41539.33246
4061.0,41573.32511
4062.0,41607.33937
4063.0,41641.37526
4064.0,41675.43278
4065.0,41709.51194
4066.0,41743.61274
4067.0,41777.73521
4068.0,41811.87933
4069.0,41846.04514
4070.0,41880.23262
4071.0,41914.4418
4072.0,41948.67267
4073.0,41982.92525
4074.0,42017.19955
4075.0,42051.49558
4076.0,42085.81334
4077.0,42120.15284
4078.0,42154.51409
4079.0,42188.8971
4080.0,42223.30187
4081.0,42257.72843
4082.0,42292.17676
4083.0,42326.64689
4084.0,42361.13883
4085.0,42395.65257
4086.0,42430.18813
4087.0,42464.74552
4088.0,42499.32474
4089.0,42533.92581
4090.0,42568.54873
4091.0,42603.19352
4092.0,42637.86017
4093.0,42672.5487
4094.0,42707.25911
4095.0,42741.99143
4096.0,42776.74564
4097.0,42811.52177
4098.0,42846.31982
4099.0,42881.1398
4100.0,42915.98171
4101.0,42950.84557
4102.0,42985.73139
4103.0,43020.63917
4104.0,43055.56892
4105.0,43090.52065
4106.0,43125.49437
4107.0,43160.49009
4108.0,43195.50781
4109.0,43230.54755
4110.0,43265.60931
4111.0,43300.6931
4112.0,43335.79893
4113.0,43370.92681
4114.0,43406.07675
4115.0,43441.24875
4116.0,43476.44282
4117.0,43511.65898
4118.0,43546.89722
4119.0,43582.15757
4120.0,43617.44002
4121.0,43652.74459
4122.0,43688.07128
4123.0,43723.42011
4124.0,43758.79107
4125.0,43794.18419
4126.0,43829.59947
4127.0,43865.03691
4128.0,43900.49652
4129.0,43935.97832
4130.0,43971.48232
4131.0,44007.00851
4132.0,44042.55691
4133.0,44078.12753
4134.0,44113.72038
4135.0,44149.33546
4136.0,44184.97278
4137.0,44220.63235
4138.0,44256.31419
4139.0,44292.01829
4140.0,44327.74467
4141.0,44363.49333
4142.0,44399.26429
4143.0,44435.05755
4144.0,44470.87312
4145.0,44506.71101
4146.0,44542.57122
4147.0,44578.45378
4148.0,44614.35867
4149.0,44650.28592
4150.0,44686.23553
4151.0,44722.20751
4152.0,44758.20187
4153.0,44794.21861
4154.0,44830.25775
4155.0,44866.31929
4156.0,44902.40325
4157.0,44938.50962
4158.0,44974.63842
4159.0,45010.78966
4160.0,45046.96335
4161.0,45083.15949
4162.0,45119.37809
4163.0,45155.61916
4164.0,45191.88271
4165.0,45228.16875
4166.0,45264.47728
4167.0,45300.80832
4168.0,45337.16187
4169.0,45373.53795
4170.0,45409.93655
4171.0,45446.35769
4172.0,45482.80138
4173.0,45519.26762
4174.0,45555.75642
4175.0,45592.2678
4176.0,45628.80176
4177.0,45665.3583
4178.0,45701.93744
4179.0,45738.53919
4180.0,45775.16355
4181.0,45811.81053
4182.0,45848.48015
4183.0,45885.1724
4184.0,45921.8873
4185.0,45958.62486
4186.0,45995.38507
4187.0,46032.16797
4188.0,46068.97354
4189.0,46105.8018
4190.0,46142.65276
4191.0,46179.52643
4192.0,46216.42281
4193.0,46253.34191
4194.0,46290.28374
4195.0,46327.24832
4196.0,46364.23564
4197.0,46401.24571
4198.0,46438.27856
4199.0,46475.33417
4200.0,46512.41257
4201.0,46549.51375
4202.0,46586.63774
4203.0,46623.78453
4204.0,46660.95414
4205.0,46698.14657
4206.0,46735.36183
4207.0,46772.59993
4208.0,46809.86088
4209.0,46847.14468
4210.0,46884.45135
4211.0,46921.7809
4212.0,46959.13332
4213.0,46996.50864
4214.0,47033.90685
4215.0,47071.32797
4216.0,47108.77201
4217.0,47146.23897
4218.0,47183.72886
4219.0,47221.24169
4220.0,47258.77747
4221.0,47296.33621
4222.0,47333.91791
4223.0,47371.52259
4224.0,47409.15025
4225.0,47446.8009
4226.0,47484.47454
4227.0,47522.1712
4228.0,47559.89086
4229.0,47597.63356
4230.0,47635.39928
4231.0,47673.18805
4232.0,47710.99986
4233.0,47748.83473
4234.0,47786.69266
4235.0,47824.57367
4236.0,47862.47776
4237.0,47900.40494
4238.0,47938.35522
4239.0,47976.32861
4240.0,48014.32511
4241.0,48052.34474
4242.0,48090.38749
4243.0,48128.45339
4244.0,48166.54243
4245.0,48204.65463
4246.0,48242.79
4247.0,48280.94854
4248.0,48319.13026
4249.0,48357.33517
4250.0,48395.56328
4251.0,48433.8146
4252.0,48472.08913
4253.0,48510.38688
4254.0,48548.70786
4255.0,48587.05209
4256.0,48625.41956
4257.0,48663.81029
4258.0,48702.22428
4259.0,48740.66155
4260.0,48779.12209
4261.0,48817.60593
4262.0,48856.11306
4263.0,48894.6435
4264.0,48933.19725
4265.0,48971.77433
4266.0,49010.37474
4267.0,49048.99848
4268.0,49087.64557
4269.0,49126.31602
4270.0,49165.00983
4271.0,49203.72702
4272.0,49242.46758
4273.0,49281.23153
4274.0,49320.01888
4275.0,49358.82964
4276.0,49397.66381
4277.0,49436.52139
4278.0,49475.40241
4279.0,49514.30687
4280.0,49553.23477
4281.0,49592.18613
4282.0,49631.16095
4283.0,49670.15925
4284.0,49709.18102
4285.0,49748.22628
4286.0,49787.29503
4287.0,49826.38729
4288.0,49865.50306
4289.0,49904.64235
4290.0,49943.80517
4291.0,49982.99153
4292.0,50022.20143
4293.0,50061.43489
4294.0,50100.6919
4295.0,50139.97249
4296.0,50179.27666
4297.0,50218.60441
4298.0,50257.95575
4299.0,50297.3307
4300.0,50336.72926
4301.0,50376.15144
4302.0,50415.59725
4303.0,50455.06669
4304.0,50494.55978
4305.0,50534.07651
4306.0,50573.61691
4307.0,50613.18098
4308.0,50652.76872
4309.0,50692.38015
4310.0,50732.01527
4311.0,50771.67409
4312.0,50811.35662
4313.0,50851.06287
4314.0,50890.79284
4315.0,50930.54655
4316.0,50970.324
4317.0,51010.1252
4318.0,51049.95016
4319.0,51089.79889
4320.0,51129.67139
4321.0,51169.56767
4322.0,51209.48775
4323.0,51249.43162
4324.0,51289.39931
4325.0,51329.3908
4326.0,51369.40612
4327.0,51409.44528
4328.0,51449.50827
4329.0,51489.59512
4330.0,51529.70581
4331.0,51569.84038
4332.0,51609.99881
4333.0,51650.18113
4334.0,51690.38734
4335.0,51730.61744
4336.0,51770.87145
4337.0,51811.14938
4338.0,51851.45122
4339.0,51891.777
4340.0,51932.12671
4341.0,51972.50037
4342.0,52012.89798
4343.0,52053.31956
4344.0,52093.7651
4345.0,52134.23463
4346.0,52174.72814
4347.0,52215.24565
4348.0,52255.78716
4349.0,52296.35268
4350.0,52336.94222
4351.0,52377.55579
4352.0,52418.19339
4353.0,52458.85504
4354.0,52499.54074
4355.0,52540.2505
4356.0,52580.98433
4357.0,52621.74223
4358.0,52662.52422
4359.0,52703.3303
4360.0,52744.16048
4361.0,52785.01477
4362.0,52825.89318
4363.0,52866.79571
4364.0,52907.72238
4365.0,52948.67318
4366.0,52989.64814
4367.0,53030.64725
4368.0,53071.67052
4369.0,53112.71797
4370.0,53153.78961
4371.0,53194.88543
4372.0,53236.00545
4373.0,53277.14967
4374.0,53318.31811
4375.0,53359.51077
4376.0,53400.72766
4377.0,53441.96879
4378.0,53483.23416
4379.0,53524.52379
4380.0,53565.83768
4381.0,53607.17584
4382.0,53648.53828
4383.0,53689.92501
4384.0,53731.33603
4385.0,53772.77135
4386.0,53814.23098
4387.0,53855.71493
4388.0,53897.22321
4389.0,53938.75583
4390.0,53980.31278
4391.0,54021.89409
4392.0,54063.49975
4393.0,54105.12978
4394.0,54146.78419
4395.0,54188.46298
4396.0,54230.16616
4397.0,54271.89374
4398.0,54313.64573
4399.0,54355.42213
4400.0,54397.22296
4401.0,54439.04821
4402.0,54480.89791
4403.0,54522.77205
4404.0,54564.67065
4405.0,54606.59371
4406.0,54648.54124
4407.0,54690.51325
4408.0,54732.50975
4409.0,54774.53075
4410.0,54816.57624
4411.0,54858.64625
4412.0,54900.74078
4413.0,54942.85983
4414.0,54985.00342
4415.0,55027.17156
4416.0,55069.36424
4417.0,55111.58148
4418.0,55153.82329
4419.0,55196.08968
4420.0,55238.38065
4421.0,55280.69621
4422.0,55323.03637
4423.0,55365.40113
4424.0,55407.79052
4425.0,55450.20452
4426.0,55492.64316
4427.0,55535.10643
4428.0,55577.59435
4429.0,55620.10693
4430.0,55662.64417
4431.0,55705.20608
4432.0,55747.79266
4433.0,55790.40394
4434.0,55833.03991
4435.0,55875.70058
4436.0,55918.38597
4437.0,55961.09607
4438.0,56003.8309
4439.0,56046.59046
4440.0,56089.37476
4441.0,56132.18382
4442.0,56175.01763
4443.0,56217.87621
4444.0,56260.75957
4445.0,56303.6677
4446.0,56346.60063
4447.0,56389.55835
4448.0,56432.54088
4449.0,56475.54823
4450.0,56518.58039
4451.0,56561.63739
4452.0,56604.71922
4453.0,56647.8259
4454.0,56690.95743
4455.0,56734.11382
4456.0,56777.29508
4457.0,56820.50122
4458.0,56863.73224
4459.0,56906.98816
4460.0,56950.26897
4461.0,56993.5747
4462.0,57036.90534
4463.0,57080.26091
4464.0,57123.64141
4465.0,57167.04685
4466.0,57210.47723
4467.0,57253.93257
4468.0,57297.41288
4469.0,57340.91816
4470.0,57384.44842
4471.0,57428.00366
4472.0,57471.5839
4473.0,57515.18915
4474.0,57558.8194
4475.0,57602.47468
4476.0,57646.15498
4477.0,57689.86031
4478.0,57733.59069
4479.0,57777.34612
4480.0,57821.1266
4481.0,57864.93215
4482.0,57908.76278
4483.0,57952.61849
4484.0,57996.49929
4485.0,58040.40518
4486.0,58084.33618
4487.0,58128.29229
4488.0,58172.27353
4489.0,58216.27989
4490.0,58260.31139
4491.0,58304.36803
4492.0,58348.44983
4493.0,58392.55678
4494.0,58436.68891
4495.0,58480.84621
4496.0,58525.02869
4497.0,58569.23636
4498.0,58613.46924
4499.0,58657.72732
4500.0,58702.01061
4501.0,58746.31913
4502.0,58790.65288
4503.0,58835.01187
4504.0,58879.3961
4505.0,58923.80558
4506.0,58968.24033
4507.0,59012.70035
4508.0,59057.18564
4509.0,59101.69622
4510.0,59146.23209
4511.0,59190.79326
4512.0,59235.37974
4513.0,59279.99154
4514.0,59324.62866
4515.0,59369.29111
4516.0,59413.9789
4517.0,59458.69204
4518.0,59503.43053
4519.0,59548.19438
4520.0,59592.98361
4521.0,59637.79821
4522.0,59682.6382
4523.0,59727.50358
4524.0,59772.39437
4525.0,59817.31056
4526.0,59862.25217
4527.0,59907.21921
4528.0,59952.21167
4529.0,59997.22958
4530.0,60042.27294
4531.0,60087.34175
4532.0,60132.43602
4533.0,60177.55576
4534.0,60222.70099
4535.0,60267.8717
4536.0,60313.0679
4537.0,60358.28961
4538.0,60403.53682
4539.0,60448.80955
4540.0,60494.10781
4541.0,60539.4316
4542.0,60584.78093
4543.0,60630.15581
4544.0,60675.55625
4545.0,60720.98225
4546.0,60766.43382
4547.0,60811.91096
4548.0,60857.4137
4549.0,60902.94203
4550.0,60948.49596
4551.0,60994.0755
4552.0,61039.68066
4553.0,61085.31144
4554.0,61130.96786
4555.0,61176.64991
4556.0,61222.35762
4557.0,61268.09098
4558.0,61313.85
4559.0,61359.63469
4560.0,61405.44507
4561.0,61451.28113
4562.0,61497.14288
4563.0,61543.03034
4564.0,61588.9435
4565.0,61634.88238
4566.0,61680.84699
4567.0,61726.83732
4568.0,61772.8534
4569.0,61818.89523
4570.0,61864.96281
4571.0,61911.05615
4572.0,61957.17526
4573.0,62003.32016
4574.0,62049.49083
4575.0,62095.6873
4576.0,62141.90958
4577.0,62188.15766
4578.0,62234.43155
4579.0,62280.73127
4580.0,62327.05682
4581.0,62373.40821
4582.0,62419.78545
4583.0,62466.18854
4584.0,62512.61749
4585.0,62559.07232
4586.0,62605.55301
4587.0,62652.0596
4588.0,62698.59207
4589.0,62745.15045
4590.0,62791.73473
4591.0,62838.34493
4592.0,62884.98105
4593.0,62931.6431
4594.0,62978.33109
4595.0,63025.04502
4596.0,63071.7849
4597.0,63118.55075
4598.0,63165.34256
4599.0,63212.16035
4600.0,63259.00413
4601.0,63305.87389
4602.0,63352.76965
4603.0,63399.69142
4604.0,63446.6392
4605.0,63493.613
4606.0,63540.61283
4607.0,63587.63869
4608.0,63634.6906
4609.0,63681.76856
4610.0,63728.87257
4611.0,63776.00266
4612.0,63823.15881
4613.0,63870.34105
4614.0,63917.54938
4615.0,63964.7838
4616.0,64012.04433
4617.0,64059.33096
4618.0,64106.64372
4619.0,64153.9826
4620.0,64201.34762
4621.0,64248.73877
4622.0,64296.15608
4623.0,64343.59954
4624.0,64391.06916
4625.0,64438.56496
4626.0,64486.08693
4627.0,64533.6351
4628.0,64581.20945
4629.0,64628.81
4630.0,64676.43677
4631.0,64724.08975
4632.0,64771.76895
4633.0,64819.47439
4634.0,64867.20606
4635.0,64914.96398
4636.0,64962.74815
4637.0,65010.55858
4638.0,65058.39528
4639.0,65106.25826
4640.0,65154.14752
4641.0,65202.06307
4642.0,65250.00491
4643.0,65297.97307
4644.0,65345.96754
4645.0,65393.98832
4646.0,65442.03544
4647.0,65490.10889
4648.0,65538.20868
4649.0,65586.33482
4650.0,65634.48732
4651.0,65682.66619
4652.0,65730.87143
4653.0,65779.10304
4654.0,65827.36105
4655.0,65875.64545
4656.0,65923.95625
4657.0,65972.29346
4658.0,66020.65709
4659.0,66069.04714
4660.0,66117.46362
4661.0,66165.90654
4662.0,66214.37591
4663.0,66262.87173
4664.0,66311.39402
4665.0,66359.94277
4666.0,66408.518
4667.0,66457.11971
4668.0,66505.74791
4669.0,66554.40261
4670.0,66603.08382
4671.0,66651.79154
4672.0,66700.52577
4673.0,66749.28654
4674.0,66798.07384
4675.0,66846.88768
4676.0,66895.72808
4677.0,66944.59503
4678.0,66993.48854
4679.0,67042.40863
4680.0,67091.35529
4681.0,67140.32854
4682.0,67189.32839
4683.0,67238.35483
4684.0,67287.40789
4685.0,67336.48756
4686.0,67385.59385
4687.0,67434.72677
4688.0,67483.88633
4689.0,67533.07254
4690.0,67582.28539
4691.0,67631.52491
4692.0,67680.79109
4693.0,67730.08395
4694.0,67779.40349
4695.0,67828.74972
4696.0,67878.12264
4697.0,67927.52227
4698.0,67976.94861
4699.0,68026.40167
4700.0,68075.88145
4701.0,68125.38796
4702.0,68174.92122
4703.0,68224.48122
4704.0,68274.06797
4705.0,68323.68149
4706.0,68373.32177
4707.0,68422.98884
4708.0,68472.68268
4709.0,68522.40332
4710.0,68572.15075
4711.0,68621.92499
4712.0,68671.72604
4713.0,68721.55391
4714.0,68771.40861
4715.0,68821.29014
4716.0,68871.19851
4717.0,68921.13374
4718.0,68971.09581
4719.0,69021.08475
4720.0,69071.10056
4721.0,69121.14325
4722.0,69171.21283
4723.0,69221.30929
4724.0,69271.43266
4725.0,69321.58293
4726.0,69371.76011
4727.0,69421.96422
4728.0,69472.19525
4729.0,69522.45322
4730.0,69572.73813
4731.0,69623.04999
4732.0,69673.38881
4733.0,69723.75459
4734.0,69774.14734
4735.0,69824.56707
4736.0,69875.01379
4737.0,69925.4875
4738.0,69975.98821
4739.0,70026.51592
4740.0,70077.07065
4741.0,70127.65241
4742.0,70178.26119
4743.0,70228.897
4744.0,70279.55986
4745.0,70330.24977
4746.0,70380.96674
4747.0,70431.71077
4748.0,70482.48187
4749.0,70533.28005
4750.0,70584.10532
4751.0,70634.95768
4752.0,70685.83714
4753.0,70736.7437
4754.0,70787.67738
4755.0,70838.63819
4756.0,70889.62612
4757.0,70940.64118
4758.0,70991.68339
4759.0,71042.75275
4760.0,71093.84927
4761.0,71144.97295
4762.0,71196.1238
4763.0,71247.30183
4764.0,71298.50705
4765.0,71349.73945
4766.0,71400.99906
4767.0,71452.28588
4768.0,71503.5999
4769.0,71554.94115
4770.0,71606.30963
4771.0,71657.70534
4772.0,71709.12829
4773.0,71760.5785
4774.0,71812.05596
4775.0,71863.56068
4776.0,71915.09267
4777.0,71966.65194
4778.0,72018.2385
4779.0,72069.85234
4780.0,72121.49349
4781.0,72173.16194
4782.0,72224.8577
4783.0,72276.58079
4784.0,72328.33119
4785.0,72380.10894
4786.0,72431.91402
4787.0,72483.74645
4788.0,72535.60624
4789.0,72587.49339
4790.0,72639.40791
4791.0,72691.3498
4792.0,72743.31908
4793.0,72795.31574
4794.0,72847.33981
4795.0,72899.39127
4796.0,72951.47015
4797.0,73003.57645
4798.0,73055.71017
4799.0,73107.87132
4800.0,73160.05992
4801.0,73212.27595
4802.0,73264.51944
4803.0,73316.7904
4804.0,73369.08881
4805.0,73421.4147
4806.0,73473.76808
4807.0,73526.14894
4808.0,73578.55729
4809.0,73630.99315
4810.0,73683.45651
4811.0,73735.94739
4812.0,73788.4658
4813.0,73841.01173
4814.0,73893.5852
4815.0,73946.18621
4816.0,73998.81477
4817.0,74051.47089
4818.0,74104.15458
4819.0,74156.86583
4820.0,74209.60467
4821.0,74262.37109
4822.0,74315.1651
4823.0,74367.9867
4824.0,74420.83592
4825.0,74473.71275
4826.0,74526.61719
4827.0,74579.54927
4828.0,74632.50897
4829.0,74685.49632
4830.0,74738.51132
4831.0,74791.55396
4832.0,74844.62427
4833.0,74897.72225
4834.0,74950.8479
4835.0,75004.00124
4836.0,75057.18226
4837.0,75110.39098
4838.0,75163.6274
4839.0,75216.89152
4840.0,75270.18337
4841.0,75323.50294
4842.0,75376.85023
4843.0,75430.22527
4844.0,75483.62804
4845.0,75537.05857
4846.0,75590.51685
4847.0,75644.0029
4848.0,75697.51672
4849.0,75751.05832
4850.0,75804.6277
4851.0,75858.22487
4852.0,75911.84984
4853.0,75965.50261
4854.0,76019.1832
4855.0,76072.89161
4856.0,76126.62784
4857.0,76180.3919
4858.0,76234.1838
4859.0,76288.00355
4860.0,76341.85115
4861.0,76395.72661
4862.0,76449.62993
4863.0,76503.56113
4864.0,76557.52021
4865.0,76611.50717
4866.0,76665.52203
4867.0,76719.56479
4868.0,76773.63545
4869.0,76827.73403
4870.0,76881.86053
4871.0,76936.01496
4872.0,76990.19732
4873.0,77044.40762
4874.0,77098.64586
4875.0,77152.91207
4876.0,77207.20623
4877.0,77261.52836
4878.0,77315.87847
4879.0,77370.25655
4880.0,77424.66263
4881.0,77479.0967
4882.0,77533.55877
4883.0,77588.04884
4884.0,77642.56694
4885.0,77697.11305
4886.0,77751.6872
4887.0,77806.28937
4888.0,77860.91959
4889.0,77915.57786
4890.0,77970.26419
4891.0,78024.97857
4892.0,78079.72102
4893.0,78134.49155
4894.0,78189.29016
4895.0,78244.11686
4896.0,78298.97166
4897.0,78353.85455
4898.0,78408.76556
4899.0,78463.70468
4900.0,78518.67192
4901.0,78573.66729
4902.0,78628.6908
4903.0,78683.74245
4904.0,78738.82224
4905.0,78793.93019
4906.0,78849.06631
4907.0,78904.23059
4908.0,78959.42305
4909.0,79014.64369
4910.0,79069.89252
4911.0,79125.16954
4912.0,79180.47476
4913.0,79235.8082
4914.0,79291.16985
4915.0,79346.55972
4916.0,79401.97781
4917.0,79457.42415
4918.0,79512.89872
4919.0,79568.40155
4920.0,79623.93262
4921.0,79679.49196
4922.0,79735.07957
4923.0,79790.69545
4924.0,79846.33961
4925.0,79902.01206
4926.0,79957.71281
4927.0,80013.44185
4928.0,80069.19921
4929.0,80124.98487
4930.0,80180.79886
4931.0,80236.64117
4932.0,80292.51182
4933.0,80348.41081
4934.0,80404.33815
4935.0,80460.29383
4936.0,80516.27788
4937.0,80572.2903
4938.0,80628.33109
4939.0,80684.40025
4940.0,80740.49781
4941.0,80796.62376
4942.0,80852.7781
4943.0,80908.96085
4944.0,80965.17202
4945.0,81021.4116
4946.0,81077.67961
4947.0,81133.97605
4948.0,81190.30093
4949.0,81246.65425
4950.0,81303.03602
4951.0,81359.44626
4952.0,81415.88495
4953.0,81472.35212
4954.0,81528.84777
4955.0,81585.37189
4956.0,81641.92451
4957.0,81698.50563
4958.0,81755.11525
4959.0,81811.75338
4960.0,81868.42002
4961.0,81925.11519
4962.0,81981.83889
4963.0,82038.59112
4964.0,82095.3719
4965.0,82152.18122
4966.0,82209.0191
4967.0,82265.88554
4968.0,82322.78054
4969.0,82379.70413
4970.0,82436.65629
4971.0,82493.63704
4972.0,82550.64638
4973.0,82607.68433
4974.0,82664.75088
4975.0,82721.84604
4976.0,82778.96982
4977.0,82836.12223
4978.0,82893.30327
4979.0,82950.51295
4980.0,83007.75128
4981.0,83065.01825
4982.0,83122.31388
4983.0,83179.63818
4984.0,83236.99115
4985.0,83294.37279
4986.0,83351.78312
4987.0,83409.22214
4988.0,83466.68986
4989.0,83524.18627
4990.0,83581.7114
4991.0,83639.26524
4992.0,83696.8478
4993.0,83754.45909
4994.0,83812.09912
4995.0,83869.76788
4996.0,83927.46539
4997.0,83985.19166
4998.0,84042.94668
4999.0,84100.73048
5000.0,84158.54304
